{
"type": "FeatureCollection",
"name": "man_bere_1066_final",
"crs": { "type": "name", "properties": { "name": "urn:ogc:def:crs:EPSG::27700" } },
"features": [
{ "type": "Feature", "properties": { "unit_name": "Bere Regis", "prefix": "Manor of", "unit_id": "man_bere", "county": "dorset", "type": "seigneurial", "start": "1539", "end": "1546", "moiety": "2/2", "lord_name": "Robert Turberville", "lord_id": "turberville_robert", "overlord_name": "Abbey of Tarrant", "overlord_id": "aby_trnt" }, "geometry": { "type": "MultiPolygon", "coordinates": [ [ [ [ 387077.0625, 96145.554687 ], [ 387175.84375, 95940.742187 ], [ 387231.71875, 95697.65625 ], [ 387312.8125, 95690.914062 ], [ 387362.21875, 95618.882812 ], [ 387461.3125, 95603.125 ], [ 387524.28125, 95555.867187 ], [ 387535.34375, 95436.570312 ], [ 387598.25, 95339.796875 ], [ 387658.90625, 95238.507812 ], [ 387622.59375, 95078.695312 ], [ 387647.15625, 94968.414062 ], [ 387701.0, 94826.617188 ], [ 387700.78125, 94709.570312 ], [ 387626.25, 94592.523437 ], [ 387619.3125, 94475.484375 ], [ 387576.40625, 94421.460937 ], [ 387506.28125, 94248.148438 ], [ 387492.5, 94079.335938 ], [ 387440.40625, 93915.03125 ], [ 387408.875, 93921.773437 ], [ 387363.84375, 93915.03125 ], [ 387348.03125, 93897.015625 ], [ 387347.34375, 93498.625 ], [ 387340.0625, 93185.757812 ], [ 387330.75, 93001.203125 ], [ 387303.21875, 92715.34375 ], [ 387230.71875, 92465.5 ], [ 387173.96875, 92202.15625 ], [ 387054.15625, 91936.546875 ], [ 386942.396317, 91915.328682 ], [ 386721.476268, 91119.549773 ], [ 386598.570044, 90579.69585 ], [ 386500.556219, 90585.91895 ], [ 386474.108044, 90679.26545 ], [ 386397.875069, 91220.675148 ], [ 386310.75167, 91352.138135 ], [ 386292.08237, 91349.026585 ], [ 386201.84742, 91202.783735 ], [ 386058.716121, 91078.321736 ], [ 386043.158371, 91124.994986 ], [ 385994.151459, 91177.891335 ], [ 385933.476234, 91178.669223 ], [ 385923.363696, 91304.686997 ], [ 385772.453529, 91401.145047 ], [ 385746.005347, 91324.134185 ], [ 385703.999419, 91315.577422 ], [ 385737.448585, 91390.254622 ], [ 385682.218572, 91396.477722 ], [ 385671.328147, 91478.933797 ], [ 385607.541373, 91485.156897 ], [ 385573.314323, 91451.707734 ], [ 385582.648973, 91392.588284 ], [ 385567.091223, 91358.361235 ], [ 385570.202773, 91327.245735 ], [ 385766.230422, 91109.437236 ], [ 385465.965848, 90806.061112 ], [ 385193.705224, 90454.455963 ], [ 384992.5, 90178.601562 ], [ 384877.84375, 90311.398438 ], [ 384605.4375, 90385.664063 ], [ 384505.4375, 90513.804688 ], [ 384396.4375, 90653.5 ], [ 384121.78125, 90727.757812 ], [ 384311.46875, 91027.125 ], [ 384350.34375, 91357.992187 ], [ 384479.25, 91661.867187 ], [ 384551.625, 91839.679687 ], [ 384524.875, 92003.984375 ], [ 384615.28125, 92202.0625 ], [ 384690.34375, 92636.46875 ], [ 384538.15625, 93205.921875 ], [ 384590.625, 93590.804687 ], [ 384638.3125, 93827.132812 ], [ 384611.78125, 94115.242187 ], [ 384787.875, 94340.335937 ], [ 384808.625, 94626.179687 ], [ 384662.3125, 94680.195313 ], [ 384507.0625, 94772.476562 ], [ 384338.25, 94853.5 ], [ 384244.0, 95053.8125 ], [ 384138.46875, 95249.632812 ], [ 383983.34375, 95409.429687 ], [ 383834.875, 95521.96875 ], [ 383663.75, 95557.976563 ], [ 383481.21875, 95501.695312 ], [ 383458.75, 95539.960937 ], [ 383370.9375, 95562.460937 ], [ 383264.96875, 95488.179688 ], [ 383199.5625, 95436.40625 ], [ 382870.53125, 95328.367187 ], [ 382581.84375, 95098.765625 ], [ 382540.8125, 95084.835937 ], [ 382257.3125, 94988.46875 ], [ 382237.0625, 94999.71875 ], [ 382212.34375, 95035.742187 ], [ 382203.375, 95064.992187 ], [ 382282.3125, 95116.765625 ], [ 382372.5625, 95218.054687 ], [ 382480.78125, 95274.328125 ], [ 382467.375, 95344.101563 ], [ 382424.6875, 95400.375 ], [ 382372.96875, 95454.390625 ], [ 382278.625, 95602.9375 ], [ 382060.25, 95652.453125 ], [ 382037.96875, 95810.0 ], [ 381945.59375, 95787.492188 ], [ 381860.0625, 95809.992187 ], [ 381745.15625, 95798.734375 ], [ 381663.90625, 95706.453125 ], [ 381587.21875, 95632.171875 ], [ 381470.0, 95589.398437 ], [ 381265.53125, 95868.5 ], [ 381297.15625, 95929.273437 ], [ 381378.3125, 95963.03125 ], [ 381473.03125, 96044.070312 ], [ 381486.71875, 96134.101563 ], [ 381457.53125, 96197.117187 ], [ 381401.3125, 96255.640625 ], [ 381331.53125, 96269.132812 ], [ 381250.46875, 96291.648437 ], [ 381286.625, 96359.164062 ], [ 381309.21875, 96408.695313 ], [ 381476.0625, 96498.734375 ], [ 381633.96875, 96649.539063 ], [ 381812.09375, 96750.828125 ], [ 381956.4375, 96867.882812 ], [ 381927.40625, 97016.4375 ], [ 381954.6875, 97155.984375 ], [ 381916.5, 97219.007813 ], [ 382009.53125, 97630.90625 ], [ 382214.5625, 97655.671875 ], [ 382421.65625, 97581.398437 ], [ 382570.375, 97630.929687 ], [ 382889.1875, 97546.429687 ], [ 383070.875, 97498.265625 ], [ 383164.71875, 97473.390625 ], [ 383403.75, 97633.203125 ], [ 383579.8125, 97858.296875 ], [ 383841.3125, 97986.601563 ], [ 383924.4375, 97860.554687 ], [ 384036.9375, 97786.28125 ], [ 384149.375, 97689.5 ], [ 384369.59375, 97376.65625 ], [ 384468.65625, 97354.140625 ], [ 384518.125, 97311.375 ], [ 384630.75, 97318.140625 ], [ 384698.25, 97268.625 ], [ 384700.375, 97194.351562 ], [ 384711.5, 97111.070312 ], [ 384779.125, 97140.335938 ], [ 384826.5, 97198.851562 ], [ 384894.09375, 97214.609375 ], [ 384986.375, 97160.59375 ], [ 384952.3125, 97014.296875 ], [ 385067.1875, 97009.796875 ], [ 385295.03125, 97214.625 ], [ 385403.0, 97129.101562 ], [ 385488.65625, 97171.867188 ], [ 385572.0625, 97216.890625 ], [ 385666.71875, 97237.148437 ], [ 385716.21875, 97219.148438 ], [ 385720.625, 97151.617187 ], [ 385731.8125, 97122.359375 ], [ 385814.84375, 96931.039062 ], [ 385963.15625, 96730.734375 ], [ 386077.71875, 96550.664063 ], [ 386116.0625, 96582.179687 ], [ 386172.46875, 96645.210937 ], [ 386224.28125, 96647.453125 ], [ 386244.40625, 96555.179687 ], [ 386325.3125, 96451.640625 ], [ 386320.65625, 96361.601562 ], [ 386329.5625, 96307.59375 ], [ 386282.1875, 96269.320313 ], [ 386320.40625, 96226.5625 ], [ 386550.21875, 96258.078125 ], [ 386816.0625, 96305.359375 ], [ 387043.71875, 96393.148437 ], [ 387088.78125, 96404.40625 ], [ 387077.0625, 96145.554687 ] ] ] ] } },
{ "type": "Feature", "properties": { "unit_name": "Bere Regis", "prefix": "Manor of", "unit_id": "man_bere", "county": "dorset", "type": "seigneurial", "start": "1259", "end": "1538", "moiety": "2/2", "lord_name": "None", "lord_id": "none", "overlord_name": "Abbey of Tarrant", "overlord_id": "aby_trnt" }, "geometry": { "type": "MultiPolygon", "coordinates": [ [ [ [ 387077.0625, 96145.554687 ], [ 387175.84375, 95940.742187 ], [ 387231.71875, 95697.65625 ], [ 387312.8125, 95690.914062 ], [ 387362.21875, 95618.882812 ], [ 387461.3125, 95603.125 ], [ 387524.28125, 95555.867187 ], [ 387535.34375, 95436.570312 ], [ 387598.25, 95339.796875 ], [ 387658.90625, 95238.507812 ], [ 387622.59375, 95078.695312 ], [ 387647.15625, 94968.414062 ], [ 387701.0, 94826.617188 ], [ 387700.78125, 94709.570312 ], [ 387626.25, 94592.523437 ], [ 387619.3125, 94475.484375 ], [ 387576.40625, 94421.460937 ], [ 387506.28125, 94248.148438 ], [ 387492.5, 94079.335938 ], [ 387440.40625, 93915.03125 ], [ 387408.875, 93921.773437 ], [ 387363.84375, 93915.03125 ], [ 387348.03125, 93897.015625 ], [ 387347.34375, 93498.625 ], [ 387340.0625, 93185.757812 ], [ 387330.75, 93001.203125 ], [ 387303.21875, 92715.34375 ], [ 387230.71875, 92465.5 ], [ 387173.96875, 92202.15625 ], [ 387054.15625, 91936.546875 ], [ 386942.396317, 91915.328682 ], [ 386721.476268, 91119.549773 ], [ 386598.570044, 90579.69585 ], [ 386500.556219, 90585.91895 ], [ 386474.108044, 90679.26545 ], [ 386397.875069, 91220.675148 ], [ 386310.75167, 91352.138135 ], [ 386292.08237, 91349.026585 ], [ 386201.84742, 91202.783735 ], [ 386058.716121, 91078.321736 ], [ 386043.158371, 91124.994986 ], [ 385994.151459, 91177.891335 ], [ 385933.476234, 91178.669223 ], [ 385923.363696, 91304.686997 ], [ 385772.453529, 91401.145047 ], [ 385746.005347, 91324.134185 ], [ 385703.999419, 91315.577422 ], [ 385737.448585, 91390.254622 ], [ 385682.218572, 91396.477722 ], [ 385671.328147, 91478.933797 ], [ 385607.541373, 91485.156897 ], [ 385573.314323, 91451.707734 ], [ 385582.648973, 91392.588284 ], [ 385567.091223, 91358.361235 ], [ 385570.202773, 91327.245735 ], [ 385766.230422, 91109.437236 ], [ 385465.965848, 90806.061112 ], [ 385193.705224, 90454.455963 ], [ 384992.5, 90178.601562 ], [ 384877.84375, 90311.398438 ], [ 384605.4375, 90385.664063 ], [ 384505.4375, 90513.804688 ], [ 384396.4375, 90653.5 ], [ 384121.78125, 90727.757812 ], [ 384311.46875, 91027.125 ], [ 384350.34375, 91357.992187 ], [ 384479.25, 91661.867187 ], [ 384551.625, 91839.679687 ], [ 384524.875, 92003.984375 ], [ 384615.28125, 92202.0625 ], [ 384690.34375, 92636.46875 ], [ 384538.15625, 93205.921875 ], [ 384590.625, 93590.804687 ], [ 384638.3125, 93827.132812 ], [ 384611.78125, 94115.242187 ], [ 384787.875, 94340.335937 ], [ 384808.625, 94626.179687 ], [ 384662.3125, 94680.195313 ], [ 384507.0625, 94772.476562 ], [ 384338.25, 94853.5 ], [ 384244.0, 95053.8125 ], [ 384138.46875, 95249.632812 ], [ 383983.34375, 95409.429687 ], [ 383834.875, 95521.96875 ], [ 383663.75, 95557.976563 ], [ 383481.21875, 95501.695312 ], [ 383458.75, 95539.960937 ], [ 383370.9375, 95562.460937 ], [ 383264.96875, 95488.179688 ], [ 383199.5625, 95436.40625 ], [ 382870.53125, 95328.367187 ], [ 382581.84375, 95098.765625 ], [ 382540.8125, 95084.835937 ], [ 382257.3125, 94988.46875 ], [ 382237.0625, 94999.71875 ], [ 382212.34375, 95035.742187 ], [ 382203.375, 95064.992187 ], [ 382282.3125, 95116.765625 ], [ 382372.5625, 95218.054687 ], [ 382480.78125, 95274.328125 ], [ 382467.375, 95344.101563 ], [ 382424.6875, 95400.375 ], [ 382372.96875, 95454.390625 ], [ 382278.625, 95602.9375 ], [ 382060.25, 95652.453125 ], [ 382037.96875, 95810.0 ], [ 381945.59375, 95787.492188 ], [ 381860.0625, 95809.992187 ], [ 381745.15625, 95798.734375 ], [ 381663.90625, 95706.453125 ], [ 381587.21875, 95632.171875 ], [ 381470.0, 95589.398437 ], [ 381265.53125, 95868.5 ], [ 381297.15625, 95929.273437 ], [ 381378.3125, 95963.03125 ], [ 381473.03125, 96044.070312 ], [ 381486.71875, 96134.101563 ], [ 381457.53125, 96197.117187 ], [ 381401.3125, 96255.640625 ], [ 381331.53125, 96269.132812 ], [ 381250.46875, 96291.648437 ], [ 381286.625, 96359.164062 ], [ 381309.21875, 96408.695313 ], [ 381476.0625, 96498.734375 ], [ 381633.96875, 96649.539063 ], [ 381812.09375, 96750.828125 ], [ 381956.4375, 96867.882812 ], [ 381927.40625, 97016.4375 ], [ 381954.6875, 97155.984375 ], [ 381916.5, 97219.007813 ], [ 382009.53125, 97630.90625 ], [ 382214.5625, 97655.671875 ], [ 382421.65625, 97581.398437 ], [ 382570.375, 97630.929687 ], [ 382889.1875, 97546.429687 ], [ 383070.875, 97498.265625 ], [ 383164.71875, 97473.390625 ], [ 383403.75, 97633.203125 ], [ 383579.8125, 97858.296875 ], [ 383841.3125, 97986.601563 ], [ 383924.4375, 97860.554687 ], [ 384036.9375, 97786.28125 ], [ 384149.375, 97689.5 ], [ 384369.59375, 97376.65625 ], [ 384468.65625, 97354.140625 ], [ 384518.125, 97311.375 ], [ 384630.75, 97318.140625 ], [ 384698.25, 97268.625 ], [ 384700.375, 97194.351562 ], [ 384711.5, 97111.070312 ], [ 384779.125, 97140.335938 ], [ 384826.5, 97198.851562 ], [ 384894.09375, 97214.609375 ], [ 384986.375, 97160.59375 ], [ 384952.3125, 97014.296875 ], [ 385067.1875, 97009.796875 ], [ 385295.03125, 97214.625 ], [ 385403.0, 97129.101562 ], [ 385488.65625, 97171.867188 ], [ 385572.0625, 97216.890625 ], [ 385666.71875, 97237.148437 ], [ 385716.21875, 97219.148438 ], [ 385720.625, 97151.617187 ], [ 385731.8125, 97122.359375 ], [ 385814.84375, 96931.039062 ], [ 385963.15625, 96730.734375 ], [ 386077.71875, 96550.664063 ], [ 386116.0625, 96582.179687 ], [ 386172.46875, 96645.210937 ], [ 386224.28125, 96647.453125 ], [ 386244.40625, 96555.179687 ], [ 386325.3125, 96451.640625 ], [ 386320.65625, 96361.601562 ], [ 386329.5625, 96307.59375 ], [ 386282.1875, 96269.320313 ], [ 386320.40625, 96226.5625 ], [ 386550.21875, 96258.078125 ], [ 386816.0625, 96305.359375 ], [ 387043.71875, 96393.148437 ], [ 387088.78125, 96404.40625 ], [ 387077.0625, 96145.554687 ] ] ] ] } },
{ "type": "Feature", "properties": { "unit_name": "Bere Regis", "prefix": "Manor of", "unit_id": "man_bere", "county": "dorset", "type": "seigneurial", "start": "1259", "end": "1350", "moiety": "1/2", "lord_name": "None", "lord_id": "none", "overlord_name": "Honour of Leicester", "overlord_id": "hon_leic" }, "geometry": { "type": "MultiPolygon", "coordinates": [ [ [ [ 387077.0625, 96145.554687 ], [ 387175.84375, 95940.742187 ], [ 387231.71875, 95697.65625 ], [ 387312.8125, 95690.914062 ], [ 387362.21875, 95618.882812 ], [ 387461.3125, 95603.125 ], [ 387524.28125, 95555.867187 ], [ 387535.34375, 95436.570312 ], [ 387598.25, 95339.796875 ], [ 387658.90625, 95238.507812 ], [ 387622.59375, 95078.695312 ], [ 387647.15625, 94968.414062 ], [ 387701.0, 94826.617188 ], [ 387700.78125, 94709.570312 ], [ 387626.25, 94592.523437 ], [ 387619.3125, 94475.484375 ], [ 387576.40625, 94421.460937 ], [ 387506.28125, 94248.148438 ], [ 387492.5, 94079.335938 ], [ 387440.40625, 93915.03125 ], [ 387408.875, 93921.773437 ], [ 387363.84375, 93915.03125 ], [ 387348.03125, 93897.015625 ], [ 387347.34375, 93498.625 ], [ 387340.0625, 93185.757812 ], [ 387330.75, 93001.203125 ], [ 387303.21875, 92715.34375 ], [ 387230.71875, 92465.5 ], [ 387173.96875, 92202.15625 ], [ 387054.15625, 91936.546875 ], [ 386942.396317, 91915.328682 ], [ 386721.476268, 91119.549773 ], [ 386598.570044, 90579.69585 ], [ 386500.556219, 90585.91895 ], [ 386474.108044, 90679.26545 ], [ 386397.875069, 91220.675148 ], [ 386310.75167, 91352.138135 ], [ 386292.08237, 91349.026585 ], [ 386201.84742, 91202.783735 ], [ 386058.716121, 91078.321736 ], [ 386043.158371, 91124.994986 ], [ 385994.151459, 91177.891335 ], [ 385933.476234, 91178.669223 ], [ 385923.363696, 91304.686997 ], [ 385772.453529, 91401.145047 ], [ 385746.005347, 91324.134185 ], [ 385703.999419, 91315.577422 ], [ 385737.448585, 91390.254622 ], [ 385682.218572, 91396.477722 ], [ 385671.328147, 91478.933797 ], [ 385607.541373, 91485.156897 ], [ 385573.314323, 91451.707734 ], [ 385582.648973, 91392.588284 ], [ 385567.091223, 91358.361235 ], [ 385570.202773, 91327.245735 ], [ 385766.230422, 91109.437236 ], [ 385465.965848, 90806.061112 ], [ 385193.705224, 90454.455963 ], [ 384992.5, 90178.601562 ], [ 384877.84375, 90311.398438 ], [ 384605.4375, 90385.664063 ], [ 384505.4375, 90513.804688 ], [ 384396.4375, 90653.5 ], [ 384121.78125, 90727.757812 ], [ 384311.46875, 91027.125 ], [ 384350.34375, 91357.992187 ], [ 384479.25, 91661.867187 ], [ 384551.625, 91839.679687 ], [ 384524.875, 92003.984375 ], [ 384615.28125, 92202.0625 ], [ 384690.34375, 92636.46875 ], [ 384538.15625, 93205.921875 ], [ 384590.625, 93590.804687 ], [ 384638.3125, 93827.132812 ], [ 384611.78125, 94115.242187 ], [ 384787.875, 94340.335937 ], [ 384808.625, 94626.179687 ], [ 384662.3125, 94680.195313 ], [ 384507.0625, 94772.476562 ], [ 384338.25, 94853.5 ], [ 384244.0, 95053.8125 ], [ 384138.46875, 95249.632812 ], [ 383983.34375, 95409.429687 ], [ 383834.875, 95521.96875 ], [ 383663.75, 95557.976563 ], [ 383481.21875, 95501.695312 ], [ 383458.75, 95539.960937 ], [ 383370.9375, 95562.460937 ], [ 383264.96875, 95488.179688 ], [ 383199.5625, 95436.40625 ], [ 382870.53125, 95328.367187 ], [ 382581.84375, 95098.765625 ], [ 382540.8125, 95084.835937 ], [ 382257.3125, 94988.46875 ], [ 382237.0625, 94999.71875 ], [ 382212.34375, 95035.742187 ], [ 382203.375, 95064.992187 ], [ 382282.3125, 95116.765625 ], [ 382372.5625, 95218.054687 ], [ 382480.78125, 95274.328125 ], [ 382467.375, 95344.101563 ], [ 382424.6875, 95400.375 ], [ 382372.96875, 95454.390625 ], [ 382278.625, 95602.9375 ], [ 382060.25, 95652.453125 ], [ 382037.96875, 95810.0 ], [ 381945.59375, 95787.492188 ], [ 381860.0625, 95809.992187 ], [ 381745.15625, 95798.734375 ], [ 381663.90625, 95706.453125 ], [ 381587.21875, 95632.171875 ], [ 381470.0, 95589.398437 ], [ 381265.53125, 95868.5 ], [ 381297.15625, 95929.273437 ], [ 381378.3125, 95963.03125 ], [ 381473.03125, 96044.070312 ], [ 381486.71875, 96134.101563 ], [ 381457.53125, 96197.117187 ], [ 381401.3125, 96255.640625 ], [ 381331.53125, 96269.132812 ], [ 381250.46875, 96291.648437 ], [ 381286.625, 96359.164062 ], [ 381309.21875, 96408.695313 ], [ 381476.0625, 96498.734375 ], [ 381633.96875, 96649.539063 ], [ 381812.09375, 96750.828125 ], [ 381956.4375, 96867.882812 ], [ 381927.40625, 97016.4375 ], [ 381954.6875, 97155.984375 ], [ 381916.5, 97219.007813 ], [ 382009.53125, 97630.90625 ], [ 382214.5625, 97655.671875 ], [ 382421.65625, 97581.398437 ], [ 382570.375, 97630.929687 ], [ 382889.1875, 97546.429687 ], [ 383070.875, 97498.265625 ], [ 383164.71875, 97473.390625 ], [ 383403.75, 97633.203125 ], [ 383579.8125, 97858.296875 ], [ 383841.3125, 97986.601563 ], [ 383924.4375, 97860.554687 ], [ 384036.9375, 97786.28125 ], [ 384149.375, 97689.5 ], [ 384369.59375, 97376.65625 ], [ 384468.65625, 97354.140625 ], [ 384518.125, 97311.375 ], [ 384630.75, 97318.140625 ], [ 384698.25, 97268.625 ], [ 384700.375, 97194.351562 ], [ 384711.5, 97111.070312 ], [ 384779.125, 97140.335938 ], [ 384826.5, 97198.851562 ], [ 384894.09375, 97214.609375 ], [ 384986.375, 97160.59375 ], [ 384952.3125, 97014.296875 ], [ 385067.1875, 97009.796875 ], [ 385295.03125, 97214.625 ], [ 385403.0, 97129.101562 ], [ 385488.65625, 97171.867188 ], [ 385572.0625, 97216.890625 ], [ 385666.71875, 97237.148437 ], [ 385716.21875, 97219.148438 ], [ 385720.625, 97151.617187 ], [ 385731.8125, 97122.359375 ], [ 385814.84375, 96931.039062 ], [ 385963.15625, 96730.734375 ], [ 386077.71875, 96550.664063 ], [ 386116.0625, 96582.179687 ], [ 386172.46875, 96645.210937 ], [ 386224.28125, 96647.453125 ], [ 386244.40625, 96555.179687 ], [ 386325.3125, 96451.640625 ], [ 386320.65625, 96361.601562 ], [ 386329.5625, 96307.59375 ], [ 386282.1875, 96269.320313 ], [ 386320.40625, 96226.5625 ], [ 386550.21875, 96258.078125 ], [ 386816.0625, 96305.359375 ], [ 387043.71875, 96393.148437 ], [ 387088.78125, 96404.40625 ], [ 387077.0625, 96145.554687 ] ] ] ] } },
{ "type": "Feature", "properties": { "unit_name": "Bere Regis", "prefix": "Manor of", "unit_id": "man_bere", "county": "dorset", "type": "seigneurial", "start": "1066", "end": "1258", "moiety": "1", "lord_name": "None", "lord_id": "none", "overlord_name": "Royal", "overlord_id": "royal" }, "geometry": { "type": "MultiPolygon", "coordinates": [ [ [ [ 387077.0625, 96145.554687 ], [ 387175.84375, 95940.742187 ], [ 387231.71875, 95697.65625 ], [ 387312.8125, 95690.914062 ], [ 387362.21875, 95618.882812 ], [ 387461.3125, 95603.125 ], [ 387524.28125, 95555.867187 ], [ 387535.34375, 95436.570312 ], [ 387598.25, 95339.796875 ], [ 387658.90625, 95238.507812 ], [ 387622.59375, 95078.695312 ], [ 387647.15625, 94968.414062 ], [ 387701.0, 94826.617188 ], [ 387700.78125, 94709.570312 ], [ 387626.25, 94592.523437 ], [ 387619.3125, 94475.484375 ], [ 387576.40625, 94421.460937 ], [ 387506.28125, 94248.148438 ], [ 387492.5, 94079.335938 ], [ 387440.40625, 93915.03125 ], [ 387408.875, 93921.773437 ], [ 387363.84375, 93915.03125 ], [ 387348.03125, 93897.015625 ], [ 387347.34375, 93498.625 ], [ 387340.0625, 93185.757812 ], [ 387330.75, 93001.203125 ], [ 387303.21875, 92715.34375 ], [ 387230.71875, 92465.5 ], [ 387173.96875, 92202.15625 ], [ 387054.15625, 91936.546875 ], [ 386942.396317, 91915.328682 ], [ 386721.476268, 91119.549773 ], [ 386598.570044, 90579.69585 ], [ 386500.556219, 90585.91895 ], [ 386474.108044, 90679.26545 ], [ 386397.875069, 91220.675148 ], [ 386310.75167, 91352.138135 ], [ 386292.08237, 91349.026585 ], [ 386201.84742, 91202.783735 ], [ 386058.716121, 91078.321736 ], [ 386043.158371, 91124.994986 ], [ 385994.151459, 91177.891335 ], [ 385933.476234, 91178.669223 ], [ 385923.363696, 91304.686997 ], [ 385772.453529, 91401.145047 ], [ 385746.005347, 91324.134185 ], [ 385703.999419, 91315.577422 ], [ 385737.448585, 91390.254622 ], [ 385682.218572, 91396.477722 ], [ 385671.328147, 91478.933797 ], [ 385607.541373, 91485.156897 ], [ 385573.314323, 91451.707734 ], [ 385582.648973, 91392.588284 ], [ 385567.091223, 91358.361235 ], [ 385570.202773, 91327.245735 ], [ 385766.230422, 91109.437236 ], [ 385465.965848, 90806.061112 ], [ 385193.705224, 90454.455963 ], [ 384992.5, 90178.601562 ], [ 384877.84375, 90311.398438 ], [ 384605.4375, 90385.664063 ], [ 384505.4375, 90513.804688 ], [ 384396.4375, 90653.5 ], [ 384121.78125, 90727.757812 ], [ 384311.46875, 91027.125 ], [ 384350.34375, 91357.992187 ], [ 384479.25, 91661.867187 ], [ 384551.625, 91839.679687 ], [ 384524.875, 92003.984375 ], [ 384615.28125, 92202.0625 ], [ 384690.34375, 92636.46875 ], [ 384538.15625, 93205.921875 ], [ 384590.625, 93590.804687 ], [ 384638.3125, 93827.132812 ], [ 384611.78125, 94115.242187 ], [ 384787.875, 94340.335937 ], [ 384808.625, 94626.179687 ], [ 384662.3125, 94680.195313 ], [ 384507.0625, 94772.476562 ], [ 384338.25, 94853.5 ], [ 384244.0, 95053.8125 ], [ 384138.46875, 95249.632812 ], [ 383983.34375, 95409.429687 ], [ 383834.875, 95521.96875 ], [ 383663.75, 95557.976563 ], [ 383481.21875, 95501.695312 ], [ 383458.75, 95539.960937 ], [ 383370.9375, 95562.460937 ], [ 383264.96875, 95488.179688 ], [ 383199.5625, 95436.40625 ], [ 382870.53125, 95328.367187 ], [ 382581.84375, 95098.765625 ], [ 382540.8125, 95084.835937 ], [ 382257.3125, 94988.46875 ], [ 382237.0625, 94999.71875 ], [ 382212.34375, 95035.742187 ], [ 382203.375, 95064.992187 ], [ 382282.3125, 95116.765625 ], [ 382372.5625, 95218.054687 ], [ 382480.78125, 95274.328125 ], [ 382467.375, 95344.101563 ], [ 382424.6875, 95400.375 ], [ 382372.96875, 95454.390625 ], [ 382278.625, 95602.9375 ], [ 382060.25, 95652.453125 ], [ 382037.96875, 95810.0 ], [ 381945.59375, 95787.492188 ], [ 381860.0625, 95809.992187 ], [ 381745.15625, 95798.734375 ], [ 381663.90625, 95706.453125 ], [ 381587.21875, 95632.171875 ], [ 381470.0, 95589.398437 ], [ 381265.53125, 95868.5 ], [ 381297.15625, 95929.273437 ], [ 381378.3125, 95963.03125 ], [ 381473.03125, 96044.070312 ], [ 381486.71875, 96134.101563 ], [ 381457.53125, 96197.117187 ], [ 381401.3125, 96255.640625 ], [ 381331.53125, 96269.132812 ], [ 381250.46875, 96291.648437 ], [ 381286.625, 96359.164062 ], [ 381309.21875, 96408.695313 ], [ 381476.0625, 96498.734375 ], [ 381633.96875, 96649.539063 ], [ 381812.09375, 96750.828125 ], [ 381956.4375, 96867.882812 ], [ 381927.40625, 97016.4375 ], [ 381954.6875, 97155.984375 ], [ 381916.5, 97219.007813 ], [ 382009.53125, 97630.90625 ], [ 382214.5625, 97655.671875 ], [ 382421.65625, 97581.398437 ], [ 382570.375, 97630.929687 ], [ 382889.1875, 97546.429687 ], [ 383070.875, 97498.265625 ], [ 383164.71875, 97473.390625 ], [ 383403.75, 97633.203125 ], [ 383579.8125, 97858.296875 ], [ 383841.3125, 97986.601563 ], [ 383924.4375, 97860.554687 ], [ 384036.9375, 97786.28125 ], [ 384149.375, 97689.5 ], [ 384369.59375, 97376.65625 ], [ 384468.65625, 97354.140625 ], [ 384518.125, 97311.375 ], [ 384630.75, 97318.140625 ], [ 384698.25, 97268.625 ], [ 384700.375, 97194.351562 ], [ 384711.5, 97111.070312 ], [ 384779.125, 97140.335938 ], [ 384826.5, 97198.851562 ], [ 384894.09375, 97214.609375 ], [ 384986.375, 97160.59375 ], [ 384952.3125, 97014.296875 ], [ 385067.1875, 97009.796875 ], [ 385295.03125, 97214.625 ], [ 385403.0, 97129.101562 ], [ 385488.65625, 97171.867188 ], [ 385572.0625, 97216.890625 ], [ 385666.71875, 97237.148437 ], [ 385716.21875, 97219.148438 ], [ 385720.625, 97151.617187 ], [ 385731.8125, 97122.359375 ], [ 385814.84375, 96931.039062 ], [ 385963.15625, 96730.734375 ], [ 386077.71875, 96550.664063 ], [ 386116.0625, 96582.179687 ], [ 386172.46875, 96645.210937 ], [ 386224.28125, 96647.453125 ], [ 386244.40625, 96555.179687 ], [ 386325.3125, 96451.640625 ], [ 386320.65625, 96361.601562 ], [ 386329.5625, 96307.59375 ], [ 386282.1875, 96269.320313 ], [ 386320.40625, 96226.5625 ], [ 386550.21875, 96258.078125 ], [ 386816.0625, 96305.359375 ], [ 387043.71875, 96393.148437 ], [ 387088.78125, 96404.40625 ], [ 387077.0625, 96145.554687 ] ] ] ] } },
{ "type": "Feature", "properties": { "unit_name": "Bere Regis", "prefix": "Manor of", "unit_id": "man_bere", "county": "dorset", "type": "seigneurial", "start": "1351", "end": "1546", "moiety": "1/2", "lord_name": "None", "lord_id": "none", "overlord_name": "Duchy of Lancaster", "overlord_id": "duc_lanc" }, "geometry": { "type": "MultiPolygon", "coordinates": [ [ [ [ 387077.0625, 96145.554687 ], [ 387175.84375, 95940.742187 ], [ 387231.71875, 95697.65625 ], [ 387312.8125, 95690.914062 ], [ 387362.21875, 95618.882812 ], [ 387461.3125, 95603.125 ], [ 387524.28125, 95555.867187 ], [ 387535.34375, 95436.570312 ], [ 387598.25, 95339.796875 ], [ 387658.90625, 95238.507812 ], [ 387622.59375, 95078.695312 ], [ 387647.15625, 94968.414062 ], [ 387701.0, 94826.617188 ], [ 387700.78125, 94709.570312 ], [ 387626.25, 94592.523437 ], [ 387619.3125, 94475.484375 ], [ 387576.40625, 94421.460937 ], [ 387506.28125, 94248.148438 ], [ 387492.5, 94079.335938 ], [ 387440.40625, 93915.03125 ], [ 387408.875, 93921.773437 ], [ 387363.84375, 93915.03125 ], [ 387348.03125, 93897.015625 ], [ 387347.34375, 93498.625 ], [ 387340.0625, 93185.757812 ], [ 387330.75, 93001.203125 ], [ 387303.21875, 92715.34375 ], [ 387230.71875, 92465.5 ], [ 387173.96875, 92202.15625 ], [ 387054.15625, 91936.546875 ], [ 386942.396317, 91915.328682 ], [ 386721.476268, 91119.549773 ], [ 386598.570044, 90579.69585 ], [ 386500.556219, 90585.91895 ], [ 386474.108044, 90679.26545 ], [ 386397.875069, 91220.675148 ], [ 386310.75167, 91352.138135 ], [ 386292.08237, 91349.026585 ], [ 386201.84742, 91202.783735 ], [ 386058.716121, 91078.321736 ], [ 386043.158371, 91124.994986 ], [ 385994.151459, 91177.891335 ], [ 385933.476234, 91178.669223 ], [ 385923.363696, 91304.686997 ], [ 385772.453529, 91401.145047 ], [ 385746.005347, 91324.134185 ], [ 385703.999419, 91315.577422 ], [ 385737.448585, 91390.254622 ], [ 385682.218572, 91396.477722 ], [ 385671.328147, 91478.933797 ], [ 385607.541373, 91485.156897 ], [ 385573.314323, 91451.707734 ], [ 385582.648973, 91392.588284 ], [ 385567.091223, 91358.361235 ], [ 385570.202773, 91327.245735 ], [ 385766.230422, 91109.437236 ], [ 385465.965848, 90806.061112 ], [ 385193.705224, 90454.455963 ], [ 384992.5, 90178.601562 ], [ 384877.84375, 90311.398438 ], [ 384605.4375, 90385.664063 ], [ 384505.4375, 90513.804688 ], [ 384396.4375, 90653.5 ], [ 384121.78125, 90727.757812 ], [ 384311.46875, 91027.125 ], [ 384350.34375, 91357.992187 ], [ 384479.25, 91661.867187 ], [ 384551.625, 91839.679687 ], [ 384524.875, 92003.984375 ], [ 384615.28125, 92202.0625 ], [ 384690.34375, 92636.46875 ], [ 384538.15625, 93205.921875 ], [ 384590.625, 93590.804687 ], [ 384638.3125, 93827.132812 ], [ 384611.78125, 94115.242187 ], [ 384787.875, 94340.335937 ], [ 384808.625, 94626.179687 ], [ 384662.3125, 94680.195313 ], [ 384507.0625, 94772.476562 ], [ 384338.25, 94853.5 ], [ 384244.0, 95053.8125 ], [ 384138.46875, 95249.632812 ], [ 383983.34375, 95409.429687 ], [ 383834.875, 95521.96875 ], [ 383663.75, 95557.976563 ], [ 383481.21875, 95501.695312 ], [ 383458.75, 95539.960937 ], [ 383370.9375, 95562.460937 ], [ 383264.96875, 95488.179688 ], [ 383199.5625, 95436.40625 ], [ 382870.53125, 95328.367187 ], [ 382581.84375, 95098.765625 ], [ 382540.8125, 95084.835937 ], [ 382257.3125, 94988.46875 ], [ 382237.0625, 94999.71875 ], [ 382212.34375, 95035.742187 ], [ 382203.375, 95064.992187 ], [ 382282.3125, 95116.765625 ], [ 382372.5625, 95218.054687 ], [ 382480.78125, 95274.328125 ], [ 382467.375, 95344.101563 ], [ 382424.6875, 95400.375 ], [ 382372.96875, 95454.390625 ], [ 382278.625, 95602.9375 ], [ 382060.25, 95652.453125 ], [ 382037.96875, 95810.0 ], [ 381945.59375, 95787.492188 ], [ 381860.0625, 95809.992187 ], [ 381745.15625, 95798.734375 ], [ 381663.90625, 95706.453125 ], [ 381587.21875, 95632.171875 ], [ 381470.0, 95589.398437 ], [ 381265.53125, 95868.5 ], [ 381297.15625, 95929.273437 ], [ 381378.3125, 95963.03125 ], [ 381473.03125, 96044.070312 ], [ 381486.71875, 96134.101563 ], [ 381457.53125, 96197.117187 ], [ 381401.3125, 96255.640625 ], [ 381331.53125, 96269.132812 ], [ 381250.46875, 96291.648437 ], [ 381286.625, 96359.164062 ], [ 381309.21875, 96408.695313 ], [ 381476.0625, 96498.734375 ], [ 381633.96875, 96649.539063 ], [ 381812.09375, 96750.828125 ], [ 381956.4375, 96867.882812 ], [ 381927.40625, 97016.4375 ], [ 381954.6875, 97155.984375 ], [ 381916.5, 97219.007813 ], [ 382009.53125, 97630.90625 ], [ 382214.5625, 97655.671875 ], [ 382421.65625, 97581.398437 ], [ 382570.375, 97630.929687 ], [ 382889.1875, 97546.429687 ], [ 383070.875, 97498.265625 ], [ 383164.71875, 97473.390625 ], [ 383403.75, 97633.203125 ], [ 383579.8125, 97858.296875 ], [ 383841.3125, 97986.601563 ], [ 383924.4375, 97860.554687 ], [ 384036.9375, 97786.28125 ], [ 384149.375, 97689.5 ], [ 384369.59375, 97376.65625 ], [ 384468.65625, 97354.140625 ], [ 384518.125, 97311.375 ], [ 384630.75, 97318.140625 ], [ 384698.25, 97268.625 ], [ 384700.375, 97194.351562 ], [ 384711.5, 97111.070312 ], [ 384779.125, 97140.335938 ], [ 384826.5, 97198.851562 ], [ 384894.09375, 97214.609375 ], [ 384986.375, 97160.59375 ], [ 384952.3125, 97014.296875 ], [ 385067.1875, 97009.796875 ], [ 385295.03125, 97214.625 ], [ 385403.0, 97129.101562 ], [ 385488.65625, 97171.867188 ], [ 385572.0625, 97216.890625 ], [ 385666.71875, 97237.148437 ], [ 385716.21875, 97219.148438 ], [ 385720.625, 97151.617187 ], [ 385731.8125, 97122.359375 ], [ 385814.84375, 96931.039062 ], [ 385963.15625, 96730.734375 ], [ 386077.71875, 96550.664063 ], [ 386116.0625, 96582.179687 ], [ 386172.46875, 96645.210937 ], [ 386224.28125, 96647.453125 ], [ 386244.40625, 96555.179687 ], [ 386325.3125, 96451.640625 ], [ 386320.65625, 96361.601562 ], [ 386329.5625, 96307.59375 ], [ 386282.1875, 96269.320313 ], [ 386320.40625, 96226.5625 ], [ 386550.21875, 96258.078125 ], [ 386816.0625, 96305.359375 ], [ 387043.71875, 96393.148437 ], [ 387088.78125, 96404.40625 ], [ 387077.0625, 96145.554687 ] ] ] ] } },
{ "type": "Feature", "properties": { "unit_name": "Bere Regis", "prefix": "Manor of", "unit_id": "man_bere", "county": "dorset", "type": "seigneurial", "start": "1547", "end": "1558", "moiety": "1", "lord_name": "Robert Turberville", "lord_id": "turberville_robert", "overlord_name": "Duchy of Lancaster", "overlord_id": "duc_lanc" }, "geometry": { "type": "MultiPolygon", "coordinates": [ [ [ [ 387077.0625, 96145.554687 ], [ 387175.84375, 95940.742187 ], [ 387231.71875, 95697.65625 ], [ 387312.8125, 95690.914062 ], [ 387362.21875, 95618.882812 ], [ 387461.3125, 95603.125 ], [ 387524.28125, 95555.867187 ], [ 387535.34375, 95436.570312 ], [ 387598.25, 95339.796875 ], [ 387658.90625, 95238.507812 ], [ 387622.59375, 95078.695312 ], [ 387647.15625, 94968.414062 ], [ 387701.0, 94826.617188 ], [ 387700.78125, 94709.570312 ], [ 387626.25, 94592.523437 ], [ 387619.3125, 94475.484375 ], [ 387576.40625, 94421.460937 ], [ 387506.28125, 94248.148438 ], [ 387492.5, 94079.335938 ], [ 387440.40625, 93915.03125 ], [ 387408.875, 93921.773437 ], [ 387363.84375, 93915.03125 ], [ 387348.03125, 93897.015625 ], [ 387347.34375, 93498.625 ], [ 387340.0625, 93185.757812 ], [ 387330.75, 93001.203125 ], [ 387303.21875, 92715.34375 ], [ 387230.71875, 92465.5 ], [ 387173.96875, 92202.15625 ], [ 387054.15625, 91936.546875 ], [ 386942.396317, 91915.328682 ], [ 386721.476268, 91119.549773 ], [ 386598.570044, 90579.69585 ], [ 386500.556219, 90585.91895 ], [ 386474.108044, 90679.26545 ], [ 386397.875069, 91220.675148 ], [ 386310.75167, 91352.138135 ], [ 386292.08237, 91349.026585 ], [ 386201.84742, 91202.783735 ], [ 386058.716121, 91078.321736 ], [ 386043.158371, 91124.994986 ], [ 385994.151459, 91177.891335 ], [ 385933.476234, 91178.669223 ], [ 385923.363696, 91304.686997 ], [ 385772.453529, 91401.145047 ], [ 385746.005347, 91324.134185 ], [ 385703.999419, 91315.577422 ], [ 385737.448585, 91390.254622 ], [ 385682.218572, 91396.477722 ], [ 385671.328147, 91478.933797 ], [ 385607.541373, 91485.156897 ], [ 385573.314323, 91451.707734 ], [ 385582.648973, 91392.588284 ], [ 385567.091223, 91358.361235 ], [ 385570.202773, 91327.245735 ], [ 385766.230422, 91109.437236 ], [ 385465.965848, 90806.061112 ], [ 385193.705224, 90454.455963 ], [ 384992.5, 90178.601562 ], [ 384877.84375, 90311.398438 ], [ 384605.4375, 90385.664063 ], [ 384505.4375, 90513.804688 ], [ 384396.4375, 90653.5 ], [ 384121.78125, 90727.757812 ], [ 384311.46875, 91027.125 ], [ 384350.34375, 91357.992187 ], [ 384479.25, 91661.867187 ], [ 384551.625, 91839.679687 ], [ 384524.875, 92003.984375 ], [ 384615.28125, 92202.0625 ], [ 384690.34375, 92636.46875 ], [ 384538.15625, 93205.921875 ], [ 384590.625, 93590.804687 ], [ 384638.3125, 93827.132812 ], [ 384611.78125, 94115.242187 ], [ 384787.875, 94340.335937 ], [ 384808.625, 94626.179687 ], [ 384662.3125, 94680.195313 ], [ 384507.0625, 94772.476562 ], [ 384338.25, 94853.5 ], [ 384244.0, 95053.8125 ], [ 384138.46875, 95249.632812 ], [ 383983.34375, 95409.429687 ], [ 383834.875, 95521.96875 ], [ 383663.75, 95557.976563 ], [ 383481.21875, 95501.695312 ], [ 383458.75, 95539.960937 ], [ 383370.9375, 95562.460937 ], [ 383264.96875, 95488.179688 ], [ 383199.5625, 95436.40625 ], [ 382870.53125, 95328.367187 ], [ 382581.84375, 95098.765625 ], [ 382540.8125, 95084.835937 ], [ 382257.3125, 94988.46875 ], [ 382237.0625, 94999.71875 ], [ 382212.34375, 95035.742187 ], [ 382203.375, 95064.992187 ], [ 382282.3125, 95116.765625 ], [ 382372.5625, 95218.054687 ], [ 382480.78125, 95274.328125 ], [ 382467.375, 95344.101563 ], [ 382424.6875, 95400.375 ], [ 382372.96875, 95454.390625 ], [ 382278.625, 95602.9375 ], [ 382060.25, 95652.453125 ], [ 382037.96875, 95810.0 ], [ 381945.59375, 95787.492188 ], [ 381860.0625, 95809.992187 ], [ 381745.15625, 95798.734375 ], [ 381663.90625, 95706.453125 ], [ 381587.21875, 95632.171875 ], [ 381470.0, 95589.398437 ], [ 381265.53125, 95868.5 ], [ 381297.15625, 95929.273437 ], [ 381378.3125, 95963.03125 ], [ 381473.03125, 96044.070312 ], [ 381486.71875, 96134.101563 ], [ 381457.53125, 96197.117187 ], [ 381401.3125, 96255.640625 ], [ 381331.53125, 96269.132812 ], [ 381250.46875, 96291.648437 ], [ 381286.625, 96359.164062 ], [ 381309.21875, 96408.695313 ], [ 381476.0625, 96498.734375 ], [ 381633.96875, 96649.539063 ], [ 381812.09375, 96750.828125 ], [ 381956.4375, 96867.882812 ], [ 381927.40625, 97016.4375 ], [ 381954.6875, 97155.984375 ], [ 381916.5, 97219.007813 ], [ 382009.53125, 97630.90625 ], [ 382214.5625, 97655.671875 ], [ 382421.65625, 97581.398437 ], [ 382570.375, 97630.929687 ], [ 382889.1875, 97546.429687 ], [ 383070.875, 97498.265625 ], [ 383164.71875, 97473.390625 ], [ 383403.75, 97633.203125 ], [ 383579.8125, 97858.296875 ], [ 383841.3125, 97986.601563 ], [ 383924.4375, 97860.554687 ], [ 384036.9375, 97786.28125 ], [ 384149.375, 97689.5 ], [ 384369.59375, 97376.65625 ], [ 384468.65625, 97354.140625 ], [ 384518.125, 97311.375 ], [ 384630.75, 97318.140625 ], [ 384698.25, 97268.625 ], [ 384700.375, 97194.351562 ], [ 384711.5, 97111.070312 ], [ 384779.125, 97140.335938 ], [ 384826.5, 97198.851562 ], [ 384894.09375, 97214.609375 ], [ 384986.375, 97160.59375 ], [ 384952.3125, 97014.296875 ], [ 385067.1875, 97009.796875 ], [ 385295.03125, 97214.625 ], [ 385403.0, 97129.101562 ], [ 385488.65625, 97171.867188 ], [ 385572.0625, 97216.890625 ], [ 385666.71875, 97237.148437 ], [ 385716.21875, 97219.148438 ], [ 385720.625, 97151.617187 ], [ 385731.8125, 97122.359375 ], [ 385814.84375, 96931.039062 ], [ 385963.15625, 96730.734375 ], [ 386077.71875, 96550.664063 ], [ 386116.0625, 96582.179687 ], [ 386172.46875, 96645.210937 ], [ 386224.28125, 96647.453125 ], [ 386244.40625, 96555.179687 ], [ 386325.3125, 96451.640625 ], [ 386320.65625, 96361.601562 ], [ 386329.5625, 96307.59375 ], [ 386282.1875, 96269.320313 ], [ 386320.40625, 96226.5625 ], [ 386550.21875, 96258.078125 ], [ 386816.0625, 96305.359375 ], [ 387043.71875, 96393.148437 ], [ 387088.78125, 96404.40625 ], [ 387077.0625, 96145.554687 ] ] ] ] } },
{ "type": "Feature", "properties": { "unit_name": "Bere Regis", "prefix": "Manor of", "unit_id": "man_bere", "county": "dorset", "type": "seigneurial", "start": "1587", "end": "1632", "moiety": "1", "lord_name": "John Turberville", "lord_id": "turberville_john", "overlord_name": "Duchy of Lancaster", "overlord_id": "duc_lanc" }, "geometry": { "type": "MultiPolygon", "coordinates": [ [ [ [ 387077.0625, 96145.554687 ], [ 387175.84375, 95940.742187 ], [ 387231.71875, 95697.65625 ], [ 387312.8125, 95690.914062 ], [ 387362.21875, 95618.882812 ], [ 387461.3125, 95603.125 ], [ 387524.28125, 95555.867187 ], [ 387535.34375, 95436.570312 ], [ 387598.25, 95339.796875 ], [ 387658.90625, 95238.507812 ], [ 387622.59375, 95078.695312 ], [ 387647.15625, 94968.414062 ], [ 387701.0, 94826.617188 ], [ 387700.78125, 94709.570312 ], [ 387626.25, 94592.523437 ], [ 387619.3125, 94475.484375 ], [ 387576.40625, 94421.460937 ], [ 387506.28125, 94248.148438 ], [ 387492.5, 94079.335938 ], [ 387440.40625, 93915.03125 ], [ 387408.875, 93921.773437 ], [ 387363.84375, 93915.03125 ], [ 387348.03125, 93897.015625 ], [ 387347.34375, 93498.625 ], [ 387340.0625, 93185.757812 ], [ 387330.75, 93001.203125 ], [ 387303.21875, 92715.34375 ], [ 387230.71875, 92465.5 ], [ 387173.96875, 92202.15625 ], [ 387054.15625, 91936.546875 ], [ 386942.396317, 91915.328682 ], [ 386721.476268, 91119.549773 ], [ 386598.570044, 90579.69585 ], [ 386500.556219, 90585.91895 ], [ 386474.108044, 90679.26545 ], [ 386397.875069, 91220.675148 ], [ 386310.75167, 91352.138135 ], [ 386292.08237, 91349.026585 ], [ 386201.84742, 91202.783735 ], [ 386058.716121, 91078.321736 ], [ 386043.158371, 91124.994986 ], [ 385994.151459, 91177.891335 ], [ 385933.476234, 91178.669223 ], [ 385923.363696, 91304.686997 ], [ 385772.453529, 91401.145047 ], [ 385746.005347, 91324.134185 ], [ 385703.999419, 91315.577422 ], [ 385737.448585, 91390.254622 ], [ 385682.218572, 91396.477722 ], [ 385671.328147, 91478.933797 ], [ 385607.541373, 91485.156897 ], [ 385573.314323, 91451.707734 ], [ 385582.648973, 91392.588284 ], [ 385567.091223, 91358.361235 ], [ 385570.202773, 91327.245735 ], [ 385766.230422, 91109.437236 ], [ 385465.965848, 90806.061112 ], [ 385193.705224, 90454.455963 ], [ 384992.5, 90178.601562 ], [ 384877.84375, 90311.398438 ], [ 384605.4375, 90385.664063 ], [ 384505.4375, 90513.804688 ], [ 384396.4375, 90653.5 ], [ 384121.78125, 90727.757812 ], [ 384311.46875, 91027.125 ], [ 384350.34375, 91357.992187 ], [ 384479.25, 91661.867187 ], [ 384551.625, 91839.679687 ], [ 384524.875, 92003.984375 ], [ 384615.28125, 92202.0625 ], [ 384690.34375, 92636.46875 ], [ 384538.15625, 93205.921875 ], [ 384590.625, 93590.804687 ], [ 384638.3125, 93827.132812 ], [ 384611.78125, 94115.242187 ], [ 384787.875, 94340.335937 ], [ 384808.625, 94626.179687 ], [ 384662.3125, 94680.195313 ], [ 384507.0625, 94772.476562 ], [ 384338.25, 94853.5 ], [ 384244.0, 95053.8125 ], [ 384138.46875, 95249.632812 ], [ 383983.34375, 95409.429687 ], [ 383834.875, 95521.96875 ], [ 383663.75, 95557.976563 ], [ 383481.21875, 95501.695312 ], [ 383458.75, 95539.960937 ], [ 383370.9375, 95562.460937 ], [ 383264.96875, 95488.179688 ], [ 383199.5625, 95436.40625 ], [ 382870.53125, 95328.367187 ], [ 382581.84375, 95098.765625 ], [ 382540.8125, 95084.835937 ], [ 382257.3125, 94988.46875 ], [ 382237.0625, 94999.71875 ], [ 382212.34375, 95035.742187 ], [ 382203.375, 95064.992187 ], [ 382282.3125, 95116.765625 ], [ 382372.5625, 95218.054687 ], [ 382480.78125, 95274.328125 ], [ 382467.375, 95344.101563 ], [ 382424.6875, 95400.375 ], [ 382372.96875, 95454.390625 ], [ 382278.625, 95602.9375 ], [ 382060.25, 95652.453125 ], [ 382037.96875, 95810.0 ], [ 381945.59375, 95787.492188 ], [ 381860.0625, 95809.992187 ], [ 381745.15625, 95798.734375 ], [ 381663.90625, 95706.453125 ], [ 381587.21875, 95632.171875 ], [ 381470.0, 95589.398437 ], [ 381265.53125, 95868.5 ], [ 381297.15625, 95929.273437 ], [ 381378.3125, 95963.03125 ], [ 381473.03125, 96044.070312 ], [ 381486.71875, 96134.101563 ], [ 381457.53125, 96197.117187 ], [ 381401.3125, 96255.640625 ], [ 381331.53125, 96269.132812 ], [ 381250.46875, 96291.648437 ], [ 381286.625, 96359.164062 ], [ 381309.21875, 96408.695313 ], [ 381476.0625, 96498.734375 ], [ 381633.96875, 96649.539063 ], [ 381812.09375, 96750.828125 ], [ 381956.4375, 96867.882812 ], [ 381927.40625, 97016.4375 ], [ 381954.6875, 97155.984375 ], [ 381916.5, 97219.007813 ], [ 382009.53125, 97630.90625 ], [ 382214.5625, 97655.671875 ], [ 382421.65625, 97581.398437 ], [ 382570.375, 97630.929687 ], [ 382889.1875, 97546.429687 ], [ 383070.875, 97498.265625 ], [ 383164.71875, 97473.390625 ], [ 383403.75, 97633.203125 ], [ 383579.8125, 97858.296875 ], [ 383841.3125, 97986.601563 ], [ 383924.4375, 97860.554687 ], [ 384036.9375, 97786.28125 ], [ 384149.375, 97689.5 ], [ 384369.59375, 97376.65625 ], [ 384468.65625, 97354.140625 ], [ 384518.125, 97311.375 ], [ 384630.75, 97318.140625 ], [ 384698.25, 97268.625 ], [ 384700.375, 97194.351562 ], [ 384711.5, 97111.070312 ], [ 384779.125, 97140.335938 ], [ 384826.5, 97198.851562 ], [ 384894.09375, 97214.609375 ], [ 384986.375, 97160.59375 ], [ 384952.3125, 97014.296875 ], [ 385067.1875, 97009.796875 ], [ 385295.03125, 97214.625 ], [ 385403.0, 97129.101562 ], [ 385488.65625, 97171.867188 ], [ 385572.0625, 97216.890625 ], [ 385666.71875, 97237.148437 ], [ 385716.21875, 97219.148438 ], [ 385720.625, 97151.617187 ], [ 385731.8125, 97122.359375 ], [ 385814.84375, 96931.039062 ], [ 385963.15625, 96730.734375 ], [ 386077.71875, 96550.664063 ], [ 386116.0625, 96582.179687 ], [ 386172.46875, 96645.210937 ], [ 386224.28125, 96647.453125 ], [ 386244.40625, 96555.179687 ], [ 386325.3125, 96451.640625 ], [ 386320.65625, 96361.601562 ], [ 386329.5625, 96307.59375 ], [ 386282.1875, 96269.320313 ], [ 386320.40625, 96226.5625 ], [ 386550.21875, 96258.078125 ], [ 386816.0625, 96305.359375 ], [ 387043.71875, 96393.148437 ], [ 387088.78125, 96404.40625 ], [ 387077.0625, 96145.554687 ] ] ] ] } },
{ "type": "Feature", "properties": { "unit_name": "Bere Regis", "prefix": "Manor of", "unit_id": "man_bere", "county": "dorset", "type": "seigneurial", "start": "1633", "end": "1671", "moiety": "1", "lord_name": "Sir John Turberville", "lord_id": "turberville_sirjohn", "overlord_name": "Duchy of Lancaster", "overlord_id": "duc_lanc" }, "geometry": { "type": "MultiPolygon", "coordinates": [ [ [ [ 387077.0625, 96145.554687 ], [ 387175.84375, 95940.742187 ], [ 387231.71875, 95697.65625 ], [ 387312.8125, 95690.914062 ], [ 387362.21875, 95618.882812 ], [ 387461.3125, 95603.125 ], [ 387524.28125, 95555.867187 ], [ 387535.34375, 95436.570312 ], [ 387598.25, 95339.796875 ], [ 387658.90625, 95238.507812 ], [ 387622.59375, 95078.695312 ], [ 387647.15625, 94968.414062 ], [ 387701.0, 94826.617188 ], [ 387700.78125, 94709.570312 ], [ 387626.25, 94592.523437 ], [ 387619.3125, 94475.484375 ], [ 387576.40625, 94421.460937 ], [ 387506.28125, 94248.148438 ], [ 387492.5, 94079.335938 ], [ 387440.40625, 93915.03125 ], [ 387408.875, 93921.773437 ], [ 387363.84375, 93915.03125 ], [ 387348.03125, 93897.015625 ], [ 387347.34375, 93498.625 ], [ 387340.0625, 93185.757812 ], [ 387330.75, 93001.203125 ], [ 387303.21875, 92715.34375 ], [ 387230.71875, 92465.5 ], [ 387173.96875, 92202.15625 ], [ 387054.15625, 91936.546875 ], [ 386942.396317, 91915.328682 ], [ 386721.476268, 91119.549773 ], [ 386598.570044, 90579.69585 ], [ 386500.556219, 90585.91895 ], [ 386474.108044, 90679.26545 ], [ 386397.875069, 91220.675148 ], [ 386310.75167, 91352.138135 ], [ 386292.08237, 91349.026585 ], [ 386201.84742, 91202.783735 ], [ 386058.716121, 91078.321736 ], [ 386043.158371, 91124.994986 ], [ 385994.151459, 91177.891335 ], [ 385933.476234, 91178.669223 ], [ 385923.363696, 91304.686997 ], [ 385772.453529, 91401.145047 ], [ 385746.005347, 91324.134185 ], [ 385703.999419, 91315.577422 ], [ 385737.448585, 91390.254622 ], [ 385682.218572, 91396.477722 ], [ 385671.328147, 91478.933797 ], [ 385607.541373, 91485.156897 ], [ 385573.314323, 91451.707734 ], [ 385582.648973, 91392.588284 ], [ 385567.091223, 91358.361235 ], [ 385570.202773, 91327.245735 ], [ 385766.230422, 91109.437236 ], [ 385465.965848, 90806.061112 ], [ 385193.705224, 90454.455963 ], [ 384992.5, 90178.601562 ], [ 384877.84375, 90311.398438 ], [ 384605.4375, 90385.664063 ], [ 384505.4375, 90513.804688 ], [ 384396.4375, 90653.5 ], [ 384121.78125, 90727.757812 ], [ 384311.46875, 91027.125 ], [ 384350.34375, 91357.992187 ], [ 384479.25, 91661.867187 ], [ 384551.625, 91839.679687 ], [ 384524.875, 92003.984375 ], [ 384615.28125, 92202.0625 ], [ 384690.34375, 92636.46875 ], [ 384538.15625, 93205.921875 ], [ 384590.625, 93590.804687 ], [ 384638.3125, 93827.132812 ], [ 384611.78125, 94115.242187 ], [ 384787.875, 94340.335937 ], [ 384808.625, 94626.179687 ], [ 384662.3125, 94680.195313 ], [ 384507.0625, 94772.476562 ], [ 384338.25, 94853.5 ], [ 384244.0, 95053.8125 ], [ 384138.46875, 95249.632812 ], [ 383983.34375, 95409.429687 ], [ 383834.875, 95521.96875 ], [ 383663.75, 95557.976563 ], [ 383481.21875, 95501.695312 ], [ 383458.75, 95539.960937 ], [ 383370.9375, 95562.460937 ], [ 383264.96875, 95488.179688 ], [ 383199.5625, 95436.40625 ], [ 382870.53125, 95328.367187 ], [ 382581.84375, 95098.765625 ], [ 382540.8125, 95084.835937 ], [ 382257.3125, 94988.46875 ], [ 382237.0625, 94999.71875 ], [ 382212.34375, 95035.742187 ], [ 382203.375, 95064.992187 ], [ 382282.3125, 95116.765625 ], [ 382372.5625, 95218.054687 ], [ 382480.78125, 95274.328125 ], [ 382467.375, 95344.101563 ], [ 382424.6875, 95400.375 ], [ 382372.96875, 95454.390625 ], [ 382278.625, 95602.9375 ], [ 382060.25, 95652.453125 ], [ 382037.96875, 95810.0 ], [ 381945.59375, 95787.492188 ], [ 381860.0625, 95809.992187 ], [ 381745.15625, 95798.734375 ], [ 381663.90625, 95706.453125 ], [ 381587.21875, 95632.171875 ], [ 381470.0, 95589.398437 ], [ 381265.53125, 95868.5 ], [ 381297.15625, 95929.273437 ], [ 381378.3125, 95963.03125 ], [ 381473.03125, 96044.070312 ], [ 381486.71875, 96134.101563 ], [ 381457.53125, 96197.117187 ], [ 381401.3125, 96255.640625 ], [ 381331.53125, 96269.132812 ], [ 381250.46875, 96291.648437 ], [ 381286.625, 96359.164062 ], [ 381309.21875, 96408.695313 ], [ 381476.0625, 96498.734375 ], [ 381633.96875, 96649.539063 ], [ 381812.09375, 96750.828125 ], [ 381956.4375, 96867.882812 ], [ 381927.40625, 97016.4375 ], [ 381954.6875, 97155.984375 ], [ 381916.5, 97219.007813 ], [ 382009.53125, 97630.90625 ], [ 382214.5625, 97655.671875 ], [ 382421.65625, 97581.398437 ], [ 382570.375, 97630.929687 ], [ 382889.1875, 97546.429687 ], [ 383070.875, 97498.265625 ], [ 383164.71875, 97473.390625 ], [ 383403.75, 97633.203125 ], [ 383579.8125, 97858.296875 ], [ 383841.3125, 97986.601563 ], [ 383924.4375, 97860.554687 ], [ 384036.9375, 97786.28125 ], [ 384149.375, 97689.5 ], [ 384369.59375, 97376.65625 ], [ 384468.65625, 97354.140625 ], [ 384518.125, 97311.375 ], [ 384630.75, 97318.140625 ], [ 384698.25, 97268.625 ], [ 384700.375, 97194.351562 ], [ 384711.5, 97111.070312 ], [ 384779.125, 97140.335938 ], [ 384826.5, 97198.851562 ], [ 384894.09375, 97214.609375 ], [ 384986.375, 97160.59375 ], [ 384952.3125, 97014.296875 ], [ 385067.1875, 97009.796875 ], [ 385295.03125, 97214.625 ], [ 385403.0, 97129.101562 ], [ 385488.65625, 97171.867188 ], [ 385572.0625, 97216.890625 ], [ 385666.71875, 97237.148437 ], [ 385716.21875, 97219.148438 ], [ 385720.625, 97151.617187 ], [ 385731.8125, 97122.359375 ], [ 385814.84375, 96931.039062 ], [ 385963.15625, 96730.734375 ], [ 386077.71875, 96550.664063 ], [ 386116.0625, 96582.179687 ], [ 386172.46875, 96645.210937 ], [ 386224.28125, 96647.453125 ], [ 386244.40625, 96555.179687 ], [ 386325.3125, 96451.640625 ], [ 386320.65625, 96361.601562 ], [ 386329.5625, 96307.59375 ], [ 386282.1875, 96269.320313 ], [ 386320.40625, 96226.5625 ], [ 386550.21875, 96258.078125 ], [ 386816.0625, 96305.359375 ], [ 387043.71875, 96393.148437 ], [ 387088.78125, 96404.40625 ], [ 387077.0625, 96145.554687 ] ] ] ] } },
{ "type": "Feature", "properties": { "unit_name": "Bere Regis", "prefix": "Manor of", "unit_id": "man_bere", "county": "dorset", "type": "seigneurial", "start": "1672", "end": "1700", "moiety": "1", "lord_name": "Thomas Turberville (d. 1701)", "lord_id": "turberville_thomas1701", "overlord_name": "Duchy of Lancaster", "overlord_id": "duc_lanc" }, "geometry": { "type": "MultiPolygon", "coordinates": [ [ [ [ 387077.0625, 96145.554687 ], [ 387175.84375, 95940.742187 ], [ 387231.71875, 95697.65625 ], [ 387312.8125, 95690.914062 ], [ 387362.21875, 95618.882812 ], [ 387461.3125, 95603.125 ], [ 387524.28125, 95555.867187 ], [ 387535.34375, 95436.570312 ], [ 387598.25, 95339.796875 ], [ 387658.90625, 95238.507812 ], [ 387622.59375, 95078.695312 ], [ 387647.15625, 94968.414062 ], [ 387701.0, 94826.617188 ], [ 387700.78125, 94709.570312 ], [ 387626.25, 94592.523437 ], [ 387619.3125, 94475.484375 ], [ 387576.40625, 94421.460937 ], [ 387506.28125, 94248.148438 ], [ 387492.5, 94079.335938 ], [ 387440.40625, 93915.03125 ], [ 387408.875, 93921.773437 ], [ 387363.84375, 93915.03125 ], [ 387348.03125, 93897.015625 ], [ 387347.34375, 93498.625 ], [ 387340.0625, 93185.757812 ], [ 387330.75, 93001.203125 ], [ 387303.21875, 92715.34375 ], [ 387230.71875, 92465.5 ], [ 387173.96875, 92202.15625 ], [ 387054.15625, 91936.546875 ], [ 386942.396317, 91915.328682 ], [ 386721.476268, 91119.549773 ], [ 386598.570044, 90579.69585 ], [ 386500.556219, 90585.91895 ], [ 386474.108044, 90679.26545 ], [ 386397.875069, 91220.675148 ], [ 386310.75167, 91352.138135 ], [ 386292.08237, 91349.026585 ], [ 386201.84742, 91202.783735 ], [ 386058.716121, 91078.321736 ], [ 386043.158371, 91124.994986 ], [ 385994.151459, 91177.891335 ], [ 385933.476234, 91178.669223 ], [ 385923.363696, 91304.686997 ], [ 385772.453529, 91401.145047 ], [ 385746.005347, 91324.134185 ], [ 385703.999419, 91315.577422 ], [ 385737.448585, 91390.254622 ], [ 385682.218572, 91396.477722 ], [ 385671.328147, 91478.933797 ], [ 385607.541373, 91485.156897 ], [ 385573.314323, 91451.707734 ], [ 385582.648973, 91392.588284 ], [ 385567.091223, 91358.361235 ], [ 385570.202773, 91327.245735 ], [ 385766.230422, 91109.437236 ], [ 385465.965848, 90806.061112 ], [ 385193.705224, 90454.455963 ], [ 384992.5, 90178.601562 ], [ 384877.84375, 90311.398438 ], [ 384605.4375, 90385.664063 ], [ 384505.4375, 90513.804688 ], [ 384396.4375, 90653.5 ], [ 384121.78125, 90727.757812 ], [ 384311.46875, 91027.125 ], [ 384350.34375, 91357.992187 ], [ 384479.25, 91661.867187 ], [ 384551.625, 91839.679687 ], [ 384524.875, 92003.984375 ], [ 384615.28125, 92202.0625 ], [ 384690.34375, 92636.46875 ], [ 384538.15625, 93205.921875 ], [ 384590.625, 93590.804687 ], [ 384638.3125, 93827.132812 ], [ 384611.78125, 94115.242187 ], [ 384787.875, 94340.335937 ], [ 384808.625, 94626.179687 ], [ 384662.3125, 94680.195313 ], [ 384507.0625, 94772.476562 ], [ 384338.25, 94853.5 ], [ 384244.0, 95053.8125 ], [ 384138.46875, 95249.632812 ], [ 383983.34375, 95409.429687 ], [ 383834.875, 95521.96875 ], [ 383663.75, 95557.976563 ], [ 383481.21875, 95501.695312 ], [ 383458.75, 95539.960937 ], [ 383370.9375, 95562.460937 ], [ 383264.96875, 95488.179688 ], [ 383199.5625, 95436.40625 ], [ 382870.53125, 95328.367187 ], [ 382581.84375, 95098.765625 ], [ 382540.8125, 95084.835937 ], [ 382257.3125, 94988.46875 ], [ 382237.0625, 94999.71875 ], [ 382212.34375, 95035.742187 ], [ 382203.375, 95064.992187 ], [ 382282.3125, 95116.765625 ], [ 382372.5625, 95218.054687 ], [ 382480.78125, 95274.328125 ], [ 382467.375, 95344.101563 ], [ 382424.6875, 95400.375 ], [ 382372.96875, 95454.390625 ], [ 382278.625, 95602.9375 ], [ 382060.25, 95652.453125 ], [ 382037.96875, 95810.0 ], [ 381945.59375, 95787.492188 ], [ 381860.0625, 95809.992187 ], [ 381745.15625, 95798.734375 ], [ 381663.90625, 95706.453125 ], [ 381587.21875, 95632.171875 ], [ 381470.0, 95589.398437 ], [ 381265.53125, 95868.5 ], [ 381297.15625, 95929.273437 ], [ 381378.3125, 95963.03125 ], [ 381473.03125, 96044.070312 ], [ 381486.71875, 96134.101563 ], [ 381457.53125, 96197.117187 ], [ 381401.3125, 96255.640625 ], [ 381331.53125, 96269.132812 ], [ 381250.46875, 96291.648437 ], [ 381286.625, 96359.164062 ], [ 381309.21875, 96408.695313 ], [ 381476.0625, 96498.734375 ], [ 381633.96875, 96649.539063 ], [ 381812.09375, 96750.828125 ], [ 381956.4375, 96867.882812 ], [ 381927.40625, 97016.4375 ], [ 381954.6875, 97155.984375 ], [ 381916.5, 97219.007813 ], [ 382009.53125, 97630.90625 ], [ 382214.5625, 97655.671875 ], [ 382421.65625, 97581.398437 ], [ 382570.375, 97630.929687 ], [ 382889.1875, 97546.429687 ], [ 383070.875, 97498.265625 ], [ 383164.71875, 97473.390625 ], [ 383403.75, 97633.203125 ], [ 383579.8125, 97858.296875 ], [ 383841.3125, 97986.601563 ], [ 383924.4375, 97860.554687 ], [ 384036.9375, 97786.28125 ], [ 384149.375, 97689.5 ], [ 384369.59375, 97376.65625 ], [ 384468.65625, 97354.140625 ], [ 384518.125, 97311.375 ], [ 384630.75, 97318.140625 ], [ 384698.25, 97268.625 ], [ 384700.375, 97194.351562 ], [ 384711.5, 97111.070312 ], [ 384779.125, 97140.335938 ], [ 384826.5, 97198.851562 ], [ 384894.09375, 97214.609375 ], [ 384986.375, 97160.59375 ], [ 384952.3125, 97014.296875 ], [ 385067.1875, 97009.796875 ], [ 385295.03125, 97214.625 ], [ 385403.0, 97129.101562 ], [ 385488.65625, 97171.867188 ], [ 385572.0625, 97216.890625 ], [ 385666.71875, 97237.148437 ], [ 385716.21875, 97219.148438 ], [ 385720.625, 97151.617187 ], [ 385731.8125, 97122.359375 ], [ 385814.84375, 96931.039062 ], [ 385963.15625, 96730.734375 ], [ 386077.71875, 96550.664063 ], [ 386116.0625, 96582.179687 ], [ 386172.46875, 96645.210937 ], [ 386224.28125, 96647.453125 ], [ 386244.40625, 96555.179687 ], [ 386325.3125, 96451.640625 ], [ 386320.65625, 96361.601562 ], [ 386329.5625, 96307.59375 ], [ 386282.1875, 96269.320313 ], [ 386320.40625, 96226.5625 ], [ 386550.21875, 96258.078125 ], [ 386816.0625, 96305.359375 ], [ 387043.71875, 96393.148437 ], [ 387088.78125, 96404.40625 ], [ 387077.0625, 96145.554687 ] ] ] ] } },
{ "type": "Feature", "properties": { "unit_name": "Bere Regis", "prefix": "Manor of", "unit_id": "man_bere", "county": "dorset", "type": "seigneurial", "start": "1701", "end": "1703", "moiety": "1", "lord_name": "Thomas Turberville (d. 1704)", "lord_id": "turberville_thomas1704", "overlord_name": "Duchy of Lancaster", "overlord_id": "duc_lanc" }, "geometry": { "type": "MultiPolygon", "coordinates": [ [ [ [ 387077.0625, 96145.554687 ], [ 387175.84375, 95940.742187 ], [ 387231.71875, 95697.65625 ], [ 387312.8125, 95690.914062 ], [ 387362.21875, 95618.882812 ], [ 387461.3125, 95603.125 ], [ 387524.28125, 95555.867187 ], [ 387535.34375, 95436.570312 ], [ 387598.25, 95339.796875 ], [ 387658.90625, 95238.507812 ], [ 387622.59375, 95078.695312 ], [ 387647.15625, 94968.414062 ], [ 387701.0, 94826.617188 ], [ 387700.78125, 94709.570312 ], [ 387626.25, 94592.523437 ], [ 387619.3125, 94475.484375 ], [ 387576.40625, 94421.460937 ], [ 387506.28125, 94248.148438 ], [ 387492.5, 94079.335938 ], [ 387440.40625, 93915.03125 ], [ 387408.875, 93921.773437 ], [ 387363.84375, 93915.03125 ], [ 387348.03125, 93897.015625 ], [ 387347.34375, 93498.625 ], [ 387340.0625, 93185.757812 ], [ 387330.75, 93001.203125 ], [ 387303.21875, 92715.34375 ], [ 387230.71875, 92465.5 ], [ 387173.96875, 92202.15625 ], [ 387054.15625, 91936.546875 ], [ 386942.396317, 91915.328682 ], [ 386721.476268, 91119.549773 ], [ 386598.570044, 90579.69585 ], [ 386500.556219, 90585.91895 ], [ 386474.108044, 90679.26545 ], [ 386397.875069, 91220.675148 ], [ 386310.75167, 91352.138135 ], [ 386292.08237, 91349.026585 ], [ 386201.84742, 91202.783735 ], [ 386058.716121, 91078.321736 ], [ 386043.158371, 91124.994986 ], [ 385994.151459, 91177.891335 ], [ 385933.476234, 91178.669223 ], [ 385923.363696, 91304.686997 ], [ 385772.453529, 91401.145047 ], [ 385746.005347, 91324.134185 ], [ 385703.999419, 91315.577422 ], [ 385737.448585, 91390.254622 ], [ 385682.218572, 91396.477722 ], [ 385671.328147, 91478.933797 ], [ 385607.541373, 91485.156897 ], [ 385573.314323, 91451.707734 ], [ 385582.648973, 91392.588284 ], [ 385567.091223, 91358.361235 ], [ 385570.202773, 91327.245735 ], [ 385766.230422, 91109.437236 ], [ 385465.965848, 90806.061112 ], [ 385193.705224, 90454.455963 ], [ 384992.5, 90178.601562 ], [ 384877.84375, 90311.398438 ], [ 384605.4375, 90385.664063 ], [ 384505.4375, 90513.804688 ], [ 384396.4375, 90653.5 ], [ 384121.78125, 90727.757812 ], [ 384311.46875, 91027.125 ], [ 384350.34375, 91357.992187 ], [ 384479.25, 91661.867187 ], [ 384551.625, 91839.679687 ], [ 384524.875, 92003.984375 ], [ 384615.28125, 92202.0625 ], [ 384690.34375, 92636.46875 ], [ 384538.15625, 93205.921875 ], [ 384590.625, 93590.804687 ], [ 384638.3125, 93827.132812 ], [ 384611.78125, 94115.242187 ], [ 384787.875, 94340.335937 ], [ 384808.625, 94626.179687 ], [ 384662.3125, 94680.195313 ], [ 384507.0625, 94772.476562 ], [ 384338.25, 94853.5 ], [ 384244.0, 95053.8125 ], [ 384138.46875, 95249.632812 ], [ 383983.34375, 95409.429687 ], [ 383834.875, 95521.96875 ], [ 383663.75, 95557.976563 ], [ 383481.21875, 95501.695312 ], [ 383458.75, 95539.960937 ], [ 383370.9375, 95562.460937 ], [ 383264.96875, 95488.179688 ], [ 383199.5625, 95436.40625 ], [ 382870.53125, 95328.367187 ], [ 382581.84375, 95098.765625 ], [ 382540.8125, 95084.835937 ], [ 382257.3125, 94988.46875 ], [ 382237.0625, 94999.71875 ], [ 382212.34375, 95035.742187 ], [ 382203.375, 95064.992187 ], [ 382282.3125, 95116.765625 ], [ 382372.5625, 95218.054687 ], [ 382480.78125, 95274.328125 ], [ 382467.375, 95344.101563 ], [ 382424.6875, 95400.375 ], [ 382372.96875, 95454.390625 ], [ 382278.625, 95602.9375 ], [ 382060.25, 95652.453125 ], [ 382037.96875, 95810.0 ], [ 381945.59375, 95787.492188 ], [ 381860.0625, 95809.992187 ], [ 381745.15625, 95798.734375 ], [ 381663.90625, 95706.453125 ], [ 381587.21875, 95632.171875 ], [ 381470.0, 95589.398437 ], [ 381265.53125, 95868.5 ], [ 381297.15625, 95929.273437 ], [ 381378.3125, 95963.03125 ], [ 381473.03125, 96044.070312 ], [ 381486.71875, 96134.101563 ], [ 381457.53125, 96197.117187 ], [ 381401.3125, 96255.640625 ], [ 381331.53125, 96269.132812 ], [ 381250.46875, 96291.648437 ], [ 381286.625, 96359.164062 ], [ 381309.21875, 96408.695313 ], [ 381476.0625, 96498.734375 ], [ 381633.96875, 96649.539063 ], [ 381812.09375, 96750.828125 ], [ 381956.4375, 96867.882812 ], [ 381927.40625, 97016.4375 ], [ 381954.6875, 97155.984375 ], [ 381916.5, 97219.007813 ], [ 382009.53125, 97630.90625 ], [ 382214.5625, 97655.671875 ], [ 382421.65625, 97581.398437 ], [ 382570.375, 97630.929687 ], [ 382889.1875, 97546.429687 ], [ 383070.875, 97498.265625 ], [ 383164.71875, 97473.390625 ], [ 383403.75, 97633.203125 ], [ 383579.8125, 97858.296875 ], [ 383841.3125, 97986.601563 ], [ 383924.4375, 97860.554687 ], [ 384036.9375, 97786.28125 ], [ 384149.375, 97689.5 ], [ 384369.59375, 97376.65625 ], [ 384468.65625, 97354.140625 ], [ 384518.125, 97311.375 ], [ 384630.75, 97318.140625 ], [ 384698.25, 97268.625 ], [ 384700.375, 97194.351562 ], [ 384711.5, 97111.070312 ], [ 384779.125, 97140.335938 ], [ 384826.5, 97198.851562 ], [ 384894.09375, 97214.609375 ], [ 384986.375, 97160.59375 ], [ 384952.3125, 97014.296875 ], [ 385067.1875, 97009.796875 ], [ 385295.03125, 97214.625 ], [ 385403.0, 97129.101562 ], [ 385488.65625, 97171.867188 ], [ 385572.0625, 97216.890625 ], [ 385666.71875, 97237.148437 ], [ 385716.21875, 97219.148438 ], [ 385720.625, 97151.617187 ], [ 385731.8125, 97122.359375 ], [ 385814.84375, 96931.039062 ], [ 385963.15625, 96730.734375 ], [ 386077.71875, 96550.664063 ], [ 386116.0625, 96582.179687 ], [ 386172.46875, 96645.210937 ], [ 386224.28125, 96647.453125 ], [ 386244.40625, 96555.179687 ], [ 386325.3125, 96451.640625 ], [ 386320.65625, 96361.601562 ], [ 386329.5625, 96307.59375 ], [ 386282.1875, 96269.320313 ], [ 386320.40625, 96226.5625 ], [ 386550.21875, 96258.078125 ], [ 386816.0625, 96305.359375 ], [ 387043.71875, 96393.148437 ], [ 387088.78125, 96404.40625 ], [ 387077.0625, 96145.554687 ] ] ] ] } },
{ "type": "Feature", "properties": { "unit_name": "Bere Regis", "prefix": "Manor of", "unit_id": "man_bere", "county": "dorset", "type": "seigneurial", "start": "1704", "end": "1732", "moiety": "1", "lord_name": "Mary, Frances, & Elizabeth Turberville", "lord_id": "turberville_maryfranceselizabeth", "overlord_name": "Duchy of Lancaster", "overlord_id": "duc_lanc" }, "geometry": { "type": "MultiPolygon", "coordinates": [ [ [ [ 387077.0625, 96145.554687 ], [ 387175.84375, 95940.742187 ], [ 387231.71875, 95697.65625 ], [ 387312.8125, 95690.914062 ], [ 387362.21875, 95618.882812 ], [ 387461.3125, 95603.125 ], [ 387524.28125, 95555.867187 ], [ 387535.34375, 95436.570312 ], [ 387598.25, 95339.796875 ], [ 387658.90625, 95238.507812 ], [ 387622.59375, 95078.695312 ], [ 387647.15625, 94968.414062 ], [ 387701.0, 94826.617188 ], [ 387700.78125, 94709.570312 ], [ 387626.25, 94592.523437 ], [ 387619.3125, 94475.484375 ], [ 387576.40625, 94421.460937 ], [ 387506.28125, 94248.148438 ], [ 387492.5, 94079.335938 ], [ 387440.40625, 93915.03125 ], [ 387408.875, 93921.773437 ], [ 387363.84375, 93915.03125 ], [ 387348.03125, 93897.015625 ], [ 387347.34375, 93498.625 ], [ 387340.0625, 93185.757812 ], [ 387330.75, 93001.203125 ], [ 387303.21875, 92715.34375 ], [ 387230.71875, 92465.5 ], [ 387173.96875, 92202.15625 ], [ 387054.15625, 91936.546875 ], [ 386942.396317, 91915.328682 ], [ 386721.476268, 91119.549773 ], [ 386598.570044, 90579.69585 ], [ 386500.556219, 90585.91895 ], [ 386474.108044, 90679.26545 ], [ 386397.875069, 91220.675148 ], [ 386310.75167, 91352.138135 ], [ 386292.08237, 91349.026585 ], [ 386201.84742, 91202.783735 ], [ 386058.716121, 91078.321736 ], [ 386043.158371, 91124.994986 ], [ 385994.151459, 91177.891335 ], [ 385933.476234, 91178.669223 ], [ 385923.363696, 91304.686997 ], [ 385772.453529, 91401.145047 ], [ 385746.005347, 91324.134185 ], [ 385703.999419, 91315.577422 ], [ 385737.448585, 91390.254622 ], [ 385682.218572, 91396.477722 ], [ 385671.328147, 91478.933797 ], [ 385607.541373, 91485.156897 ], [ 385573.314323, 91451.707734 ], [ 385582.648973, 91392.588284 ], [ 385567.091223, 91358.361235 ], [ 385570.202773, 91327.245735 ], [ 385766.230422, 91109.437236 ], [ 385465.965848, 90806.061112 ], [ 385193.705224, 90454.455963 ], [ 384992.5, 90178.601562 ], [ 384877.84375, 90311.398438 ], [ 384605.4375, 90385.664063 ], [ 384505.4375, 90513.804688 ], [ 384396.4375, 90653.5 ], [ 384121.78125, 90727.757812 ], [ 384311.46875, 91027.125 ], [ 384350.34375, 91357.992187 ], [ 384479.25, 91661.867187 ], [ 384551.625, 91839.679687 ], [ 384524.875, 92003.984375 ], [ 384615.28125, 92202.0625 ], [ 384690.34375, 92636.46875 ], [ 384538.15625, 93205.921875 ], [ 384590.625, 93590.804687 ], [ 384638.3125, 93827.132812 ], [ 384611.78125, 94115.242187 ], [ 384787.875, 94340.335937 ], [ 384808.625, 94626.179687 ], [ 384662.3125, 94680.195313 ], [ 384507.0625, 94772.476562 ], [ 384338.25, 94853.5 ], [ 384244.0, 95053.8125 ], [ 384138.46875, 95249.632812 ], [ 383983.34375, 95409.429687 ], [ 383834.875, 95521.96875 ], [ 383663.75, 95557.976563 ], [ 383481.21875, 95501.695312 ], [ 383458.75, 95539.960937 ], [ 383370.9375, 95562.460937 ], [ 383264.96875, 95488.179688 ], [ 383199.5625, 95436.40625 ], [ 382870.53125, 95328.367187 ], [ 382581.84375, 95098.765625 ], [ 382540.8125, 95084.835937 ], [ 382257.3125, 94988.46875 ], [ 382237.0625, 94999.71875 ], [ 382212.34375, 95035.742187 ], [ 382203.375, 95064.992187 ], [ 382282.3125, 95116.765625 ], [ 382372.5625, 95218.054687 ], [ 382480.78125, 95274.328125 ], [ 382467.375, 95344.101563 ], [ 382424.6875, 95400.375 ], [ 382372.96875, 95454.390625 ], [ 382278.625, 95602.9375 ], [ 382060.25, 95652.453125 ], [ 382037.96875, 95810.0 ], [ 381945.59375, 95787.492188 ], [ 381860.0625, 95809.992187 ], [ 381745.15625, 95798.734375 ], [ 381663.90625, 95706.453125 ], [ 381587.21875, 95632.171875 ], [ 381470.0, 95589.398437 ], [ 381265.53125, 95868.5 ], [ 381297.15625, 95929.273437 ], [ 381378.3125, 95963.03125 ], [ 381473.03125, 96044.070312 ], [ 381486.71875, 96134.101563 ], [ 381457.53125, 96197.117187 ], [ 381401.3125, 96255.640625 ], [ 381331.53125, 96269.132812 ], [ 381250.46875, 96291.648437 ], [ 381286.625, 96359.164062 ], [ 381309.21875, 96408.695313 ], [ 381476.0625, 96498.734375 ], [ 381633.96875, 96649.539063 ], [ 381812.09375, 96750.828125 ], [ 381956.4375, 96867.882812 ], [ 381927.40625, 97016.4375 ], [ 381954.6875, 97155.984375 ], [ 381916.5, 97219.007813 ], [ 382009.53125, 97630.90625 ], [ 382214.5625, 97655.671875 ], [ 382421.65625, 97581.398437 ], [ 382570.375, 97630.929687 ], [ 382889.1875, 97546.429687 ], [ 383070.875, 97498.265625 ], [ 383164.71875, 97473.390625 ], [ 383403.75, 97633.203125 ], [ 383579.8125, 97858.296875 ], [ 383841.3125, 97986.601563 ], [ 383924.4375, 97860.554687 ], [ 384036.9375, 97786.28125 ], [ 384149.375, 97689.5 ], [ 384369.59375, 97376.65625 ], [ 384468.65625, 97354.140625 ], [ 384518.125, 97311.375 ], [ 384630.75, 97318.140625 ], [ 384698.25, 97268.625 ], [ 384700.375, 97194.351562 ], [ 384711.5, 97111.070312 ], [ 384779.125, 97140.335938 ], [ 384826.5, 97198.851562 ], [ 384894.09375, 97214.609375 ], [ 384986.375, 97160.59375 ], [ 384952.3125, 97014.296875 ], [ 385067.1875, 97009.796875 ], [ 385295.03125, 97214.625 ], [ 385403.0, 97129.101562 ], [ 385488.65625, 97171.867188 ], [ 385572.0625, 97216.890625 ], [ 385666.71875, 97237.148437 ], [ 385716.21875, 97219.148438 ], [ 385720.625, 97151.617187 ], [ 385731.8125, 97122.359375 ], [ 385814.84375, 96931.039062 ], [ 385963.15625, 96730.734375 ], [ 386077.71875, 96550.664063 ], [ 386116.0625, 96582.179687 ], [ 386172.46875, 96645.210937 ], [ 386224.28125, 96647.453125 ], [ 386244.40625, 96555.179687 ], [ 386325.3125, 96451.640625 ], [ 386320.65625, 96361.601562 ], [ 386329.5625, 96307.59375 ], [ 386282.1875, 96269.320313 ], [ 386320.40625, 96226.5625 ], [ 386550.21875, 96258.078125 ], [ 386816.0625, 96305.359375 ], [ 387043.71875, 96393.148437 ], [ 387088.78125, 96404.40625 ], [ 387077.0625, 96145.554687 ] ] ] ] } },
{ "type": "Feature", "properties": { "unit_name": "Bere Regis", "prefix": "Manor of", "unit_id": "man_bere", "county": "dorset", "type": "seigneurial", "start": "1733", "end": "1754", "moiety": "1", "lord_name": "Henry Drax", "lord_id": "drax_henry", "overlord_name": "Duchy of Lancaster", "overlord_id": "duc_lanc" }, "geometry": { "type": "MultiPolygon", "coordinates": [ [ [ [ 387077.0625, 96145.554687 ], [ 387175.84375, 95940.742187 ], [ 387231.71875, 95697.65625 ], [ 387312.8125, 95690.914062 ], [ 387362.21875, 95618.882812 ], [ 387461.3125, 95603.125 ], [ 387524.28125, 95555.867187 ], [ 387535.34375, 95436.570312 ], [ 387598.25, 95339.796875 ], [ 387658.90625, 95238.507812 ], [ 387622.59375, 95078.695312 ], [ 387647.15625, 94968.414062 ], [ 387701.0, 94826.617188 ], [ 387700.78125, 94709.570312 ], [ 387626.25, 94592.523437 ], [ 387619.3125, 94475.484375 ], [ 387576.40625, 94421.460937 ], [ 387506.28125, 94248.148438 ], [ 387492.5, 94079.335938 ], [ 387440.40625, 93915.03125 ], [ 387408.875, 93921.773437 ], [ 387363.84375, 93915.03125 ], [ 387348.03125, 93897.015625 ], [ 387347.34375, 93498.625 ], [ 387340.0625, 93185.757812 ], [ 387330.75, 93001.203125 ], [ 387303.21875, 92715.34375 ], [ 387230.71875, 92465.5 ], [ 387173.96875, 92202.15625 ], [ 387054.15625, 91936.546875 ], [ 386942.396317, 91915.328682 ], [ 386721.476268, 91119.549773 ], [ 386598.570044, 90579.69585 ], [ 386500.556219, 90585.91895 ], [ 386474.108044, 90679.26545 ], [ 386397.875069, 91220.675148 ], [ 386310.75167, 91352.138135 ], [ 386292.08237, 91349.026585 ], [ 386201.84742, 91202.783735 ], [ 386058.716121, 91078.321736 ], [ 386043.158371, 91124.994986 ], [ 385994.151459, 91177.891335 ], [ 385933.476234, 91178.669223 ], [ 385923.363696, 91304.686997 ], [ 385772.453529, 91401.145047 ], [ 385746.005347, 91324.134185 ], [ 385703.999419, 91315.577422 ], [ 385737.448585, 91390.254622 ], [ 385682.218572, 91396.477722 ], [ 385671.328147, 91478.933797 ], [ 385607.541373, 91485.156897 ], [ 385573.314323, 91451.707734 ], [ 385582.648973, 91392.588284 ], [ 385567.091223, 91358.361235 ], [ 385570.202773, 91327.245735 ], [ 385766.230422, 91109.437236 ], [ 385465.965848, 90806.061112 ], [ 385193.705224, 90454.455963 ], [ 384992.5, 90178.601562 ], [ 384877.84375, 90311.398438 ], [ 384605.4375, 90385.664063 ], [ 384505.4375, 90513.804688 ], [ 384396.4375, 90653.5 ], [ 384121.78125, 90727.757812 ], [ 384311.46875, 91027.125 ], [ 384350.34375, 91357.992187 ], [ 384479.25, 91661.867187 ], [ 384551.625, 91839.679687 ], [ 384524.875, 92003.984375 ], [ 384615.28125, 92202.0625 ], [ 384690.34375, 92636.46875 ], [ 384538.15625, 93205.921875 ], [ 384590.625, 93590.804687 ], [ 384638.3125, 93827.132812 ], [ 384611.78125, 94115.242187 ], [ 384787.875, 94340.335937 ], [ 384808.625, 94626.179687 ], [ 384662.3125, 94680.195313 ], [ 384507.0625, 94772.476562 ], [ 384338.25, 94853.5 ], [ 384244.0, 95053.8125 ], [ 384138.46875, 95249.632812 ], [ 383983.34375, 95409.429687 ], [ 383834.875, 95521.96875 ], [ 383663.75, 95557.976563 ], [ 383481.21875, 95501.695312 ], [ 383458.75, 95539.960937 ], [ 383370.9375, 95562.460937 ], [ 383264.96875, 95488.179688 ], [ 383199.5625, 95436.40625 ], [ 382870.53125, 95328.367187 ], [ 382581.84375, 95098.765625 ], [ 382540.8125, 95084.835937 ], [ 382257.3125, 94988.46875 ], [ 382237.0625, 94999.71875 ], [ 382212.34375, 95035.742187 ], [ 382203.375, 95064.992187 ], [ 382282.3125, 95116.765625 ], [ 382372.5625, 95218.054687 ], [ 382480.78125, 95274.328125 ], [ 382467.375, 95344.101563 ], [ 382424.6875, 95400.375 ], [ 382372.96875, 95454.390625 ], [ 382278.625, 95602.9375 ], [ 382060.25, 95652.453125 ], [ 382037.96875, 95810.0 ], [ 381945.59375, 95787.492188 ], [ 381860.0625, 95809.992187 ], [ 381745.15625, 95798.734375 ], [ 381663.90625, 95706.453125 ], [ 381587.21875, 95632.171875 ], [ 381470.0, 95589.398437 ], [ 381265.53125, 95868.5 ], [ 381297.15625, 95929.273437 ], [ 381378.3125, 95963.03125 ], [ 381473.03125, 96044.070312 ], [ 381486.71875, 96134.101563 ], [ 381457.53125, 96197.117187 ], [ 381401.3125, 96255.640625 ], [ 381331.53125, 96269.132812 ], [ 381250.46875, 96291.648437 ], [ 381286.625, 96359.164062 ], [ 381309.21875, 96408.695313 ], [ 381476.0625, 96498.734375 ], [ 381633.96875, 96649.539063 ], [ 381812.09375, 96750.828125 ], [ 381956.4375, 96867.882812 ], [ 381927.40625, 97016.4375 ], [ 381954.6875, 97155.984375 ], [ 381916.5, 97219.007813 ], [ 382009.53125, 97630.90625 ], [ 382214.5625, 97655.671875 ], [ 382421.65625, 97581.398437 ], [ 382570.375, 97630.929687 ], [ 382889.1875, 97546.429687 ], [ 383070.875, 97498.265625 ], [ 383164.71875, 97473.390625 ], [ 383403.75, 97633.203125 ], [ 383579.8125, 97858.296875 ], [ 383841.3125, 97986.601563 ], [ 383924.4375, 97860.554687 ], [ 384036.9375, 97786.28125 ], [ 384149.375, 97689.5 ], [ 384369.59375, 97376.65625 ], [ 384468.65625, 97354.140625 ], [ 384518.125, 97311.375 ], [ 384630.75, 97318.140625 ], [ 384698.25, 97268.625 ], [ 384700.375, 97194.351562 ], [ 384711.5, 97111.070312 ], [ 384779.125, 97140.335938 ], [ 384826.5, 97198.851562 ], [ 384894.09375, 97214.609375 ], [ 384986.375, 97160.59375 ], [ 384952.3125, 97014.296875 ], [ 385067.1875, 97009.796875 ], [ 385295.03125, 97214.625 ], [ 385403.0, 97129.101562 ], [ 385488.65625, 97171.867188 ], [ 385572.0625, 97216.890625 ], [ 385666.71875, 97237.148437 ], [ 385716.21875, 97219.148438 ], [ 385720.625, 97151.617187 ], [ 385731.8125, 97122.359375 ], [ 385814.84375, 96931.039062 ], [ 385963.15625, 96730.734375 ], [ 386077.71875, 96550.664063 ], [ 386116.0625, 96582.179687 ], [ 386172.46875, 96645.210937 ], [ 386224.28125, 96647.453125 ], [ 386244.40625, 96555.179687 ], [ 386325.3125, 96451.640625 ], [ 386320.65625, 96361.601562 ], [ 386329.5625, 96307.59375 ], [ 386282.1875, 96269.320313 ], [ 386320.40625, 96226.5625 ], [ 386550.21875, 96258.078125 ], [ 386816.0625, 96305.359375 ], [ 387043.71875, 96393.148437 ], [ 387088.78125, 96404.40625 ], [ 387077.0625, 96145.554687 ] ] ] ] } },
{ "type": "Feature", "properties": { "unit_name": "Bere Regis", "prefix": "Manor of", "unit_id": "man_bere", "county": "dorset", "type": "seigneurial", "start": "1755", "end": "1788", "moiety": "1", "lord_name": "Thomas Erle-Drax", "lord_id": "erle-drax_thomas", "overlord_name": "Duchy of Lancaster", "overlord_id": "duc_lanc" }, "geometry": { "type": "MultiPolygon", "coordinates": [ [ [ [ 387077.0625, 96145.554687 ], [ 387175.84375, 95940.742187 ], [ 387231.71875, 95697.65625 ], [ 387312.8125, 95690.914062 ], [ 387362.21875, 95618.882812 ], [ 387461.3125, 95603.125 ], [ 387524.28125, 95555.867187 ], [ 387535.34375, 95436.570312 ], [ 387598.25, 95339.796875 ], [ 387658.90625, 95238.507812 ], [ 387622.59375, 95078.695312 ], [ 387647.15625, 94968.414062 ], [ 387701.0, 94826.617188 ], [ 387700.78125, 94709.570312 ], [ 387626.25, 94592.523437 ], [ 387619.3125, 94475.484375 ], [ 387576.40625, 94421.460937 ], [ 387506.28125, 94248.148438 ], [ 387492.5, 94079.335938 ], [ 387440.40625, 93915.03125 ], [ 387408.875, 93921.773437 ], [ 387363.84375, 93915.03125 ], [ 387348.03125, 93897.015625 ], [ 387347.34375, 93498.625 ], [ 387340.0625, 93185.757812 ], [ 387330.75, 93001.203125 ], [ 387303.21875, 92715.34375 ], [ 387230.71875, 92465.5 ], [ 387173.96875, 92202.15625 ], [ 387054.15625, 91936.546875 ], [ 386942.396317, 91915.328682 ], [ 386721.476268, 91119.549773 ], [ 386598.570044, 90579.69585 ], [ 386500.556219, 90585.91895 ], [ 386474.108044, 90679.26545 ], [ 386397.875069, 91220.675148 ], [ 386310.75167, 91352.138135 ], [ 386292.08237, 91349.026585 ], [ 386201.84742, 91202.783735 ], [ 386058.716121, 91078.321736 ], [ 386043.158371, 91124.994986 ], [ 385994.151459, 91177.891335 ], [ 385933.476234, 91178.669223 ], [ 385923.363696, 91304.686997 ], [ 385772.453529, 91401.145047 ], [ 385746.005347, 91324.134185 ], [ 385703.999419, 91315.577422 ], [ 385737.448585, 91390.254622 ], [ 385682.218572, 91396.477722 ], [ 385671.328147, 91478.933797 ], [ 385607.541373, 91485.156897 ], [ 385573.314323, 91451.707734 ], [ 385582.648973, 91392.588284 ], [ 385567.091223, 91358.361235 ], [ 385570.202773, 91327.245735 ], [ 385766.230422, 91109.437236 ], [ 385465.965848, 90806.061112 ], [ 385193.705224, 90454.455963 ], [ 384992.5, 90178.601562 ], [ 384877.84375, 90311.398438 ], [ 384605.4375, 90385.664063 ], [ 384505.4375, 90513.804688 ], [ 384396.4375, 90653.5 ], [ 384121.78125, 90727.757812 ], [ 384311.46875, 91027.125 ], [ 384350.34375, 91357.992187 ], [ 384479.25, 91661.867187 ], [ 384551.625, 91839.679687 ], [ 384524.875, 92003.984375 ], [ 384615.28125, 92202.0625 ], [ 384690.34375, 92636.46875 ], [ 384538.15625, 93205.921875 ], [ 384590.625, 93590.804687 ], [ 384638.3125, 93827.132812 ], [ 384611.78125, 94115.242187 ], [ 384787.875, 94340.335937 ], [ 384808.625, 94626.179687 ], [ 384662.3125, 94680.195313 ], [ 384507.0625, 94772.476562 ], [ 384338.25, 94853.5 ], [ 384244.0, 95053.8125 ], [ 384138.46875, 95249.632812 ], [ 383983.34375, 95409.429687 ], [ 383834.875, 95521.96875 ], [ 383663.75, 95557.976563 ], [ 383481.21875, 95501.695312 ], [ 383458.75, 95539.960937 ], [ 383370.9375, 95562.460937 ], [ 383264.96875, 95488.179688 ], [ 383199.5625, 95436.40625 ], [ 382870.53125, 95328.367187 ], [ 382581.84375, 95098.765625 ], [ 382540.8125, 95084.835937 ], [ 382257.3125, 94988.46875 ], [ 382237.0625, 94999.71875 ], [ 382212.34375, 95035.742187 ], [ 382203.375, 95064.992187 ], [ 382282.3125, 95116.765625 ], [ 382372.5625, 95218.054687 ], [ 382480.78125, 95274.328125 ], [ 382467.375, 95344.101563 ], [ 382424.6875, 95400.375 ], [ 382372.96875, 95454.390625 ], [ 382278.625, 95602.9375 ], [ 382060.25, 95652.453125 ], [ 382037.96875, 95810.0 ], [ 381945.59375, 95787.492188 ], [ 381860.0625, 95809.992187 ], [ 381745.15625, 95798.734375 ], [ 381663.90625, 95706.453125 ], [ 381587.21875, 95632.171875 ], [ 381470.0, 95589.398437 ], [ 381265.53125, 95868.5 ], [ 381297.15625, 95929.273437 ], [ 381378.3125, 95963.03125 ], [ 381473.03125, 96044.070312 ], [ 381486.71875, 96134.101563 ], [ 381457.53125, 96197.117187 ], [ 381401.3125, 96255.640625 ], [ 381331.53125, 96269.132812 ], [ 381250.46875, 96291.648437 ], [ 381286.625, 96359.164062 ], [ 381309.21875, 96408.695313 ], [ 381476.0625, 96498.734375 ], [ 381633.96875, 96649.539063 ], [ 381812.09375, 96750.828125 ], [ 381956.4375, 96867.882812 ], [ 381927.40625, 97016.4375 ], [ 381954.6875, 97155.984375 ], [ 381916.5, 97219.007813 ], [ 382009.53125, 97630.90625 ], [ 382214.5625, 97655.671875 ], [ 382421.65625, 97581.398437 ], [ 382570.375, 97630.929687 ], [ 382889.1875, 97546.429687 ], [ 383070.875, 97498.265625 ], [ 383164.71875, 97473.390625 ], [ 383403.75, 97633.203125 ], [ 383579.8125, 97858.296875 ], [ 383841.3125, 97986.601563 ], [ 383924.4375, 97860.554687 ], [ 384036.9375, 97786.28125 ], [ 384149.375, 97689.5 ], [ 384369.59375, 97376.65625 ], [ 384468.65625, 97354.140625 ], [ 384518.125, 97311.375 ], [ 384630.75, 97318.140625 ], [ 384698.25, 97268.625 ], [ 384700.375, 97194.351562 ], [ 384711.5, 97111.070312 ], [ 384779.125, 97140.335938 ], [ 384826.5, 97198.851562 ], [ 384894.09375, 97214.609375 ], [ 384986.375, 97160.59375 ], [ 384952.3125, 97014.296875 ], [ 385067.1875, 97009.796875 ], [ 385295.03125, 97214.625 ], [ 385403.0, 97129.101562 ], [ 385488.65625, 97171.867188 ], [ 385572.0625, 97216.890625 ], [ 385666.71875, 97237.148437 ], [ 385716.21875, 97219.148438 ], [ 385720.625, 97151.617187 ], [ 385731.8125, 97122.359375 ], [ 385814.84375, 96931.039062 ], [ 385963.15625, 96730.734375 ], [ 386077.71875, 96550.664063 ], [ 386116.0625, 96582.179687 ], [ 386172.46875, 96645.210937 ], [ 386224.28125, 96647.453125 ], [ 386244.40625, 96555.179687 ], [ 386325.3125, 96451.640625 ], [ 386320.65625, 96361.601562 ], [ 386329.5625, 96307.59375 ], [ 386282.1875, 96269.320313 ], [ 386320.40625, 96226.5625 ], [ 386550.21875, 96258.078125 ], [ 386816.0625, 96305.359375 ], [ 387043.71875, 96393.148437 ], [ 387088.78125, 96404.40625 ], [ 387077.0625, 96145.554687 ] ] ] ] } },
{ "type": "Feature", "properties": { "unit_name": "Bere Regis", "prefix": "Manor of", "unit_id": "man_bere", "county": "dorset", "type": "seigneurial", "start": "1789", "end": "1818", "moiety": "1", "lord_name": "Richard Grosvenor Erle-Drax", "lord_id": "erle-drax_richardgrosvenor", "overlord_name": "Duchy of Lancaster", "overlord_id": "duc_lanc" }, "geometry": { "type": "MultiPolygon", "coordinates": [ [ [ [ 387077.0625, 96145.554687 ], [ 387175.84375, 95940.742187 ], [ 387231.71875, 95697.65625 ], [ 387312.8125, 95690.914062 ], [ 387362.21875, 95618.882812 ], [ 387461.3125, 95603.125 ], [ 387524.28125, 95555.867187 ], [ 387535.34375, 95436.570312 ], [ 387598.25, 95339.796875 ], [ 387658.90625, 95238.507812 ], [ 387622.59375, 95078.695312 ], [ 387647.15625, 94968.414062 ], [ 387701.0, 94826.617188 ], [ 387700.78125, 94709.570312 ], [ 387626.25, 94592.523437 ], [ 387619.3125, 94475.484375 ], [ 387576.40625, 94421.460937 ], [ 387506.28125, 94248.148438 ], [ 387492.5, 94079.335938 ], [ 387440.40625, 93915.03125 ], [ 387408.875, 93921.773437 ], [ 387363.84375, 93915.03125 ], [ 387348.03125, 93897.015625 ], [ 387347.34375, 93498.625 ], [ 387340.0625, 93185.757812 ], [ 387330.75, 93001.203125 ], [ 387303.21875, 92715.34375 ], [ 387230.71875, 92465.5 ], [ 387173.96875, 92202.15625 ], [ 387054.15625, 91936.546875 ], [ 386942.396317, 91915.328682 ], [ 386721.476268, 91119.549773 ], [ 386598.570044, 90579.69585 ], [ 386500.556219, 90585.91895 ], [ 386474.108044, 90679.26545 ], [ 386397.875069, 91220.675148 ], [ 386310.75167, 91352.138135 ], [ 386292.08237, 91349.026585 ], [ 386201.84742, 91202.783735 ], [ 386058.716121, 91078.321736 ], [ 386043.158371, 91124.994986 ], [ 385994.151459, 91177.891335 ], [ 385933.476234, 91178.669223 ], [ 385923.363696, 91304.686997 ], [ 385772.453529, 91401.145047 ], [ 385746.005347, 91324.134185 ], [ 385703.999419, 91315.577422 ], [ 385737.448585, 91390.254622 ], [ 385682.218572, 91396.477722 ], [ 385671.328147, 91478.933797 ], [ 385607.541373, 91485.156897 ], [ 385573.314323, 91451.707734 ], [ 385582.648973, 91392.588284 ], [ 385567.091223, 91358.361235 ], [ 385570.202773, 91327.245735 ], [ 385766.230422, 91109.437236 ], [ 385465.965848, 90806.061112 ], [ 385193.705224, 90454.455963 ], [ 384992.5, 90178.601562 ], [ 384877.84375, 90311.398438 ], [ 384605.4375, 90385.664063 ], [ 384505.4375, 90513.804688 ], [ 384396.4375, 90653.5 ], [ 384121.78125, 90727.757812 ], [ 384311.46875, 91027.125 ], [ 384350.34375, 91357.992187 ], [ 384479.25, 91661.867187 ], [ 384551.625, 91839.679687 ], [ 384524.875, 92003.984375 ], [ 384615.28125, 92202.0625 ], [ 384690.34375, 92636.46875 ], [ 384538.15625, 93205.921875 ], [ 384590.625, 93590.804687 ], [ 384638.3125, 93827.132812 ], [ 384611.78125, 94115.242187 ], [ 384787.875, 94340.335937 ], [ 384808.625, 94626.179687 ], [ 384662.3125, 94680.195313 ], [ 384507.0625, 94772.476562 ], [ 384338.25, 94853.5 ], [ 384244.0, 95053.8125 ], [ 384138.46875, 95249.632812 ], [ 383983.34375, 95409.429687 ], [ 383834.875, 95521.96875 ], [ 383663.75, 95557.976563 ], [ 383481.21875, 95501.695312 ], [ 383458.75, 95539.960937 ], [ 383370.9375, 95562.460937 ], [ 383264.96875, 95488.179688 ], [ 383199.5625, 95436.40625 ], [ 382870.53125, 95328.367187 ], [ 382581.84375, 95098.765625 ], [ 382540.8125, 95084.835937 ], [ 382257.3125, 94988.46875 ], [ 382237.0625, 94999.71875 ], [ 382212.34375, 95035.742187 ], [ 382203.375, 95064.992187 ], [ 382282.3125, 95116.765625 ], [ 382372.5625, 95218.054687 ], [ 382480.78125, 95274.328125 ], [ 382467.375, 95344.101563 ], [ 382424.6875, 95400.375 ], [ 382372.96875, 95454.390625 ], [ 382278.625, 95602.9375 ], [ 382060.25, 95652.453125 ], [ 382037.96875, 95810.0 ], [ 381945.59375, 95787.492188 ], [ 381860.0625, 95809.992187 ], [ 381745.15625, 95798.734375 ], [ 381663.90625, 95706.453125 ], [ 381587.21875, 95632.171875 ], [ 381470.0, 95589.398437 ], [ 381265.53125, 95868.5 ], [ 381297.15625, 95929.273437 ], [ 381378.3125, 95963.03125 ], [ 381473.03125, 96044.070312 ], [ 381486.71875, 96134.101563 ], [ 381457.53125, 96197.117187 ], [ 381401.3125, 96255.640625 ], [ 381331.53125, 96269.132812 ], [ 381250.46875, 96291.648437 ], [ 381286.625, 96359.164062 ], [ 381309.21875, 96408.695313 ], [ 381476.0625, 96498.734375 ], [ 381633.96875, 96649.539063 ], [ 381812.09375, 96750.828125 ], [ 381956.4375, 96867.882812 ], [ 381927.40625, 97016.4375 ], [ 381954.6875, 97155.984375 ], [ 381916.5, 97219.007813 ], [ 382009.53125, 97630.90625 ], [ 382214.5625, 97655.671875 ], [ 382421.65625, 97581.398437 ], [ 382570.375, 97630.929687 ], [ 382889.1875, 97546.429687 ], [ 383070.875, 97498.265625 ], [ 383164.71875, 97473.390625 ], [ 383403.75, 97633.203125 ], [ 383579.8125, 97858.296875 ], [ 383841.3125, 97986.601563 ], [ 383924.4375, 97860.554687 ], [ 384036.9375, 97786.28125 ], [ 384149.375, 97689.5 ], [ 384369.59375, 97376.65625 ], [ 384468.65625, 97354.140625 ], [ 384518.125, 97311.375 ], [ 384630.75, 97318.140625 ], [ 384698.25, 97268.625 ], [ 384700.375, 97194.351562 ], [ 384711.5, 97111.070312 ], [ 384779.125, 97140.335938 ], [ 384826.5, 97198.851562 ], [ 384894.09375, 97214.609375 ], [ 384986.375, 97160.59375 ], [ 384952.3125, 97014.296875 ], [ 385067.1875, 97009.796875 ], [ 385295.03125, 97214.625 ], [ 385403.0, 97129.101562 ], [ 385488.65625, 97171.867188 ], [ 385572.0625, 97216.890625 ], [ 385666.71875, 97237.148437 ], [ 385716.21875, 97219.148438 ], [ 385720.625, 97151.617187 ], [ 385731.8125, 97122.359375 ], [ 385814.84375, 96931.039062 ], [ 385963.15625, 96730.734375 ], [ 386077.71875, 96550.664063 ], [ 386116.0625, 96582.179687 ], [ 386172.46875, 96645.210937 ], [ 386224.28125, 96647.453125 ], [ 386244.40625, 96555.179687 ], [ 386325.3125, 96451.640625 ], [ 386320.65625, 96361.601562 ], [ 386329.5625, 96307.59375 ], [ 386282.1875, 96269.320313 ], [ 386320.40625, 96226.5625 ], [ 386550.21875, 96258.078125 ], [ 386816.0625, 96305.359375 ], [ 387043.71875, 96393.148437 ], [ 387088.78125, 96404.40625 ], [ 387077.0625, 96145.554687 ] ] ] ] } },
{ "type": "Feature", "properties": { "unit_name": "Bere Regis", "prefix": "Manor of", "unit_id": "man_bere", "county": "dorset", "type": "seigneurial", "start": "1819", "end": "1827", "moiety": "1", "lord_name": "Richard Edward Erle-Drax", "lord_id": "erle-drax_richardedward", "overlord_name": "Duchy of Lancaster", "overlord_id": "duc_lanc" }, "geometry": { "type": "MultiPolygon", "coordinates": [ [ [ [ 387077.0625, 96145.554687 ], [ 387175.84375, 95940.742187 ], [ 387231.71875, 95697.65625 ], [ 387312.8125, 95690.914062 ], [ 387362.21875, 95618.882812 ], [ 387461.3125, 95603.125 ], [ 387524.28125, 95555.867187 ], [ 387535.34375, 95436.570312 ], [ 387598.25, 95339.796875 ], [ 387658.90625, 95238.507812 ], [ 387622.59375, 95078.695312 ], [ 387647.15625, 94968.414062 ], [ 387701.0, 94826.617188 ], [ 387700.78125, 94709.570312 ], [ 387626.25, 94592.523437 ], [ 387619.3125, 94475.484375 ], [ 387576.40625, 94421.460937 ], [ 387506.28125, 94248.148438 ], [ 387492.5, 94079.335938 ], [ 387440.40625, 93915.03125 ], [ 387408.875, 93921.773437 ], [ 387363.84375, 93915.03125 ], [ 387348.03125, 93897.015625 ], [ 387347.34375, 93498.625 ], [ 387340.0625, 93185.757812 ], [ 387330.75, 93001.203125 ], [ 387303.21875, 92715.34375 ], [ 387230.71875, 92465.5 ], [ 387173.96875, 92202.15625 ], [ 387054.15625, 91936.546875 ], [ 386942.396317, 91915.328682 ], [ 386721.476268, 91119.549773 ], [ 386598.570044, 90579.69585 ], [ 386500.556219, 90585.91895 ], [ 386474.108044, 90679.26545 ], [ 386397.875069, 91220.675148 ], [ 386310.75167, 91352.138135 ], [ 386292.08237, 91349.026585 ], [ 386201.84742, 91202.783735 ], [ 386058.716121, 91078.321736 ], [ 386043.158371, 91124.994986 ], [ 385994.151459, 91177.891335 ], [ 385933.476234, 91178.669223 ], [ 385923.363696, 91304.686997 ], [ 385772.453529, 91401.145047 ], [ 385746.005347, 91324.134185 ], [ 385703.999419, 91315.577422 ], [ 385737.448585, 91390.254622 ], [ 385682.218572, 91396.477722 ], [ 385671.328147, 91478.933797 ], [ 385607.541373, 91485.156897 ], [ 385573.314323, 91451.707734 ], [ 385582.648973, 91392.588284 ], [ 385567.091223, 91358.361235 ], [ 385570.202773, 91327.245735 ], [ 385766.230422, 91109.437236 ], [ 385465.965848, 90806.061112 ], [ 385193.705224, 90454.455963 ], [ 384992.5, 90178.601562 ], [ 384877.84375, 90311.398438 ], [ 384605.4375, 90385.664063 ], [ 384505.4375, 90513.804688 ], [ 384396.4375, 90653.5 ], [ 384121.78125, 90727.757812 ], [ 384311.46875, 91027.125 ], [ 384350.34375, 91357.992187 ], [ 384479.25, 91661.867187 ], [ 384551.625, 91839.679687 ], [ 384524.875, 92003.984375 ], [ 384615.28125, 92202.0625 ], [ 384690.34375, 92636.46875 ], [ 384538.15625, 93205.921875 ], [ 384590.625, 93590.804687 ], [ 384638.3125, 93827.132812 ], [ 384611.78125, 94115.242187 ], [ 384787.875, 94340.335937 ], [ 384808.625, 94626.179687 ], [ 384662.3125, 94680.195313 ], [ 384507.0625, 94772.476562 ], [ 384338.25, 94853.5 ], [ 384244.0, 95053.8125 ], [ 384138.46875, 95249.632812 ], [ 383983.34375, 95409.429687 ], [ 383834.875, 95521.96875 ], [ 383663.75, 95557.976563 ], [ 383481.21875, 95501.695312 ], [ 383458.75, 95539.960937 ], [ 383370.9375, 95562.460937 ], [ 383264.96875, 95488.179688 ], [ 383199.5625, 95436.40625 ], [ 382870.53125, 95328.367187 ], [ 382581.84375, 95098.765625 ], [ 382540.8125, 95084.835937 ], [ 382257.3125, 94988.46875 ], [ 382237.0625, 94999.71875 ], [ 382212.34375, 95035.742187 ], [ 382203.375, 95064.992187 ], [ 382282.3125, 95116.765625 ], [ 382372.5625, 95218.054687 ], [ 382480.78125, 95274.328125 ], [ 382467.375, 95344.101563 ], [ 382424.6875, 95400.375 ], [ 382372.96875, 95454.390625 ], [ 382278.625, 95602.9375 ], [ 382060.25, 95652.453125 ], [ 382037.96875, 95810.0 ], [ 381945.59375, 95787.492188 ], [ 381860.0625, 95809.992187 ], [ 381745.15625, 95798.734375 ], [ 381663.90625, 95706.453125 ], [ 381587.21875, 95632.171875 ], [ 381470.0, 95589.398437 ], [ 381265.53125, 95868.5 ], [ 381297.15625, 95929.273437 ], [ 381378.3125, 95963.03125 ], [ 381473.03125, 96044.070312 ], [ 381486.71875, 96134.101563 ], [ 381457.53125, 96197.117187 ], [ 381401.3125, 96255.640625 ], [ 381331.53125, 96269.132812 ], [ 381250.46875, 96291.648437 ], [ 381286.625, 96359.164062 ], [ 381309.21875, 96408.695313 ], [ 381476.0625, 96498.734375 ], [ 381633.96875, 96649.539063 ], [ 381812.09375, 96750.828125 ], [ 381956.4375, 96867.882812 ], [ 381927.40625, 97016.4375 ], [ 381954.6875, 97155.984375 ], [ 381916.5, 97219.007813 ], [ 382009.53125, 97630.90625 ], [ 382214.5625, 97655.671875 ], [ 382421.65625, 97581.398437 ], [ 382570.375, 97630.929687 ], [ 382889.1875, 97546.429687 ], [ 383070.875, 97498.265625 ], [ 383164.71875, 97473.390625 ], [ 383403.75, 97633.203125 ], [ 383579.8125, 97858.296875 ], [ 383841.3125, 97986.601563 ], [ 383924.4375, 97860.554687 ], [ 384036.9375, 97786.28125 ], [ 384149.375, 97689.5 ], [ 384369.59375, 97376.65625 ], [ 384468.65625, 97354.140625 ], [ 384518.125, 97311.375 ], [ 384630.75, 97318.140625 ], [ 384698.25, 97268.625 ], [ 384700.375, 97194.351562 ], [ 384711.5, 97111.070312 ], [ 384779.125, 97140.335938 ], [ 384826.5, 97198.851562 ], [ 384894.09375, 97214.609375 ], [ 384986.375, 97160.59375 ], [ 384952.3125, 97014.296875 ], [ 385067.1875, 97009.796875 ], [ 385295.03125, 97214.625 ], [ 385403.0, 97129.101562 ], [ 385488.65625, 97171.867188 ], [ 385572.0625, 97216.890625 ], [ 385666.71875, 97237.148437 ], [ 385716.21875, 97219.148438 ], [ 385720.625, 97151.617187 ], [ 385731.8125, 97122.359375 ], [ 385814.84375, 96931.039062 ], [ 385963.15625, 96730.734375 ], [ 386077.71875, 96550.664063 ], [ 386116.0625, 96582.179687 ], [ 386172.46875, 96645.210937 ], [ 386224.28125, 96647.453125 ], [ 386244.40625, 96555.179687 ], [ 386325.3125, 96451.640625 ], [ 386320.65625, 96361.601562 ], [ 386329.5625, 96307.59375 ], [ 386282.1875, 96269.320313 ], [ 386320.40625, 96226.5625 ], [ 386550.21875, 96258.078125 ], [ 386816.0625, 96305.359375 ], [ 387043.71875, 96393.148437 ], [ 387088.78125, 96404.40625 ], [ 387077.0625, 96145.554687 ] ] ] ] } },
{ "type": "Feature", "properties": { "unit_name": "Bere Regis", "prefix": "Manor of", "unit_id": "man_bere", "county": "dorset", "type": "seigneurial", "start": "1828", "end": "1886", "moiety": "1", "lord_name": "John Sawbridge Erle-Drax", "lord_id": "erle-drax_johnsawbridge", "overlord_name": "Duchy of Lancaster", "overlord_id": "duc_lanc" }, "geometry": { "type": "MultiPolygon", "coordinates": [ [ [ [ 387077.0625, 96145.554687 ], [ 387175.84375, 95940.742187 ], [ 387231.71875, 95697.65625 ], [ 387312.8125, 95690.914062 ], [ 387362.21875, 95618.882812 ], [ 387461.3125, 95603.125 ], [ 387524.28125, 95555.867187 ], [ 387535.34375, 95436.570312 ], [ 387598.25, 95339.796875 ], [ 387658.90625, 95238.507812 ], [ 387622.59375, 95078.695312 ], [ 387647.15625, 94968.414062 ], [ 387701.0, 94826.617188 ], [ 387700.78125, 94709.570312 ], [ 387626.25, 94592.523437 ], [ 387619.3125, 94475.484375 ], [ 387576.40625, 94421.460937 ], [ 387506.28125, 94248.148438 ], [ 387492.5, 94079.335938 ], [ 387440.40625, 93915.03125 ], [ 387408.875, 93921.773437 ], [ 387363.84375, 93915.03125 ], [ 387348.03125, 93897.015625 ], [ 387347.34375, 93498.625 ], [ 387340.0625, 93185.757812 ], [ 387330.75, 93001.203125 ], [ 387303.21875, 92715.34375 ], [ 387230.71875, 92465.5 ], [ 387173.96875, 92202.15625 ], [ 387054.15625, 91936.546875 ], [ 386942.396317, 91915.328682 ], [ 386721.476268, 91119.549773 ], [ 386598.570044, 90579.69585 ], [ 386500.556219, 90585.91895 ], [ 386474.108044, 90679.26545 ], [ 386397.875069, 91220.675148 ], [ 386310.75167, 91352.138135 ], [ 386292.08237, 91349.026585 ], [ 386201.84742, 91202.783735 ], [ 386058.716121, 91078.321736 ], [ 386043.158371, 91124.994986 ], [ 385994.151459, 91177.891335 ], [ 385933.476234, 91178.669223 ], [ 385923.363696, 91304.686997 ], [ 385772.453529, 91401.145047 ], [ 385746.005347, 91324.134185 ], [ 385703.999419, 91315.577422 ], [ 385737.448585, 91390.254622 ], [ 385682.218572, 91396.477722 ], [ 385671.328147, 91478.933797 ], [ 385607.541373, 91485.156897 ], [ 385573.314323, 91451.707734 ], [ 385582.648973, 91392.588284 ], [ 385567.091223, 91358.361235 ], [ 385570.202773, 91327.245735 ], [ 385766.230422, 91109.437236 ], [ 385465.965848, 90806.061112 ], [ 385193.705224, 90454.455963 ], [ 384992.5, 90178.601562 ], [ 384877.84375, 90311.398438 ], [ 384605.4375, 90385.664063 ], [ 384505.4375, 90513.804688 ], [ 384396.4375, 90653.5 ], [ 384121.78125, 90727.757812 ], [ 384311.46875, 91027.125 ], [ 384350.34375, 91357.992187 ], [ 384479.25, 91661.867187 ], [ 384551.625, 91839.679687 ], [ 384524.875, 92003.984375 ], [ 384615.28125, 92202.0625 ], [ 384690.34375, 92636.46875 ], [ 384538.15625, 93205.921875 ], [ 384590.625, 93590.804687 ], [ 384638.3125, 93827.132812 ], [ 384611.78125, 94115.242187 ], [ 384787.875, 94340.335937 ], [ 384808.625, 94626.179687 ], [ 384662.3125, 94680.195313 ], [ 384507.0625, 94772.476562 ], [ 384338.25, 94853.5 ], [ 384244.0, 95053.8125 ], [ 384138.46875, 95249.632812 ], [ 383983.34375, 95409.429687 ], [ 383834.875, 95521.96875 ], [ 383663.75, 95557.976563 ], [ 383481.21875, 95501.695312 ], [ 383458.75, 95539.960937 ], [ 383370.9375, 95562.460937 ], [ 383264.96875, 95488.179688 ], [ 383199.5625, 95436.40625 ], [ 382870.53125, 95328.367187 ], [ 382581.84375, 95098.765625 ], [ 382540.8125, 95084.835937 ], [ 382257.3125, 94988.46875 ], [ 382237.0625, 94999.71875 ], [ 382212.34375, 95035.742187 ], [ 382203.375, 95064.992187 ], [ 382282.3125, 95116.765625 ], [ 382372.5625, 95218.054687 ], [ 382480.78125, 95274.328125 ], [ 382467.375, 95344.101563 ], [ 382424.6875, 95400.375 ], [ 382372.96875, 95454.390625 ], [ 382278.625, 95602.9375 ], [ 382060.25, 95652.453125 ], [ 382037.96875, 95810.0 ], [ 381945.59375, 95787.492188 ], [ 381860.0625, 95809.992187 ], [ 381745.15625, 95798.734375 ], [ 381663.90625, 95706.453125 ], [ 381587.21875, 95632.171875 ], [ 381470.0, 95589.398437 ], [ 381265.53125, 95868.5 ], [ 381297.15625, 95929.273437 ], [ 381378.3125, 95963.03125 ], [ 381473.03125, 96044.070312 ], [ 381486.71875, 96134.101563 ], [ 381457.53125, 96197.117187 ], [ 381401.3125, 96255.640625 ], [ 381331.53125, 96269.132812 ], [ 381250.46875, 96291.648437 ], [ 381286.625, 96359.164062 ], [ 381309.21875, 96408.695313 ], [ 381476.0625, 96498.734375 ], [ 381633.96875, 96649.539063 ], [ 381812.09375, 96750.828125 ], [ 381956.4375, 96867.882812 ], [ 381927.40625, 97016.4375 ], [ 381954.6875, 97155.984375 ], [ 381916.5, 97219.007813 ], [ 382009.53125, 97630.90625 ], [ 382214.5625, 97655.671875 ], [ 382421.65625, 97581.398437 ], [ 382570.375, 97630.929687 ], [ 382889.1875, 97546.429687 ], [ 383070.875, 97498.265625 ], [ 383164.71875, 97473.390625 ], [ 383403.75, 97633.203125 ], [ 383579.8125, 97858.296875 ], [ 383841.3125, 97986.601563 ], [ 383924.4375, 97860.554687 ], [ 384036.9375, 97786.28125 ], [ 384149.375, 97689.5 ], [ 384369.59375, 97376.65625 ], [ 384468.65625, 97354.140625 ], [ 384518.125, 97311.375 ], [ 384630.75, 97318.140625 ], [ 384698.25, 97268.625 ], [ 384700.375, 97194.351562 ], [ 384711.5, 97111.070312 ], [ 384779.125, 97140.335938 ], [ 384826.5, 97198.851562 ], [ 384894.09375, 97214.609375 ], [ 384986.375, 97160.59375 ], [ 384952.3125, 97014.296875 ], [ 385067.1875, 97009.796875 ], [ 385295.03125, 97214.625 ], [ 385403.0, 97129.101562 ], [ 385488.65625, 97171.867188 ], [ 385572.0625, 97216.890625 ], [ 385666.71875, 97237.148437 ], [ 385716.21875, 97219.148438 ], [ 385720.625, 97151.617187 ], [ 385731.8125, 97122.359375 ], [ 385814.84375, 96931.039062 ], [ 385963.15625, 96730.734375 ], [ 386077.71875, 96550.664063 ], [ 386116.0625, 96582.179687 ], [ 386172.46875, 96645.210937 ], [ 386224.28125, 96647.453125 ], [ 386244.40625, 96555.179687 ], [ 386325.3125, 96451.640625 ], [ 386320.65625, 96361.601562 ], [ 386329.5625, 96307.59375 ], [ 386282.1875, 96269.320313 ], [ 386320.40625, 96226.5625 ], [ 386550.21875, 96258.078125 ], [ 386816.0625, 96305.359375 ], [ 387043.71875, 96393.148437 ], [ 387088.78125, 96404.40625 ], [ 387077.0625, 96145.554687 ] ] ] ] } },
{ "type": "Feature", "properties": { "unit_name": "Bere Regis", "prefix": "Manor of", "unit_id": "man_bere", "county": "dorset", "type": "seigneurial", "start": "1887", "end": "1904", "moiety": "1", "lord_name": "John Eggington Ernle-Erle-Drax", "lord_id": "erle-drax_johneggington", "overlord_name": "Duchy of Lancaster", "overlord_id": "duc_lanc" }, "geometry": { "type": "MultiPolygon", "coordinates": [ [ [ [ 387077.0625, 96145.554687 ], [ 387175.84375, 95940.742187 ], [ 387231.71875, 95697.65625 ], [ 387312.8125, 95690.914062 ], [ 387362.21875, 95618.882812 ], [ 387461.3125, 95603.125 ], [ 387524.28125, 95555.867187 ], [ 387535.34375, 95436.570312 ], [ 387598.25, 95339.796875 ], [ 387658.90625, 95238.507812 ], [ 387622.59375, 95078.695312 ], [ 387647.15625, 94968.414062 ], [ 387701.0, 94826.617188 ], [ 387700.78125, 94709.570312 ], [ 387626.25, 94592.523437 ], [ 387619.3125, 94475.484375 ], [ 387576.40625, 94421.460937 ], [ 387506.28125, 94248.148438 ], [ 387492.5, 94079.335938 ], [ 387440.40625, 93915.03125 ], [ 387408.875, 93921.773437 ], [ 387363.84375, 93915.03125 ], [ 387348.03125, 93897.015625 ], [ 387347.34375, 93498.625 ], [ 387340.0625, 93185.757812 ], [ 387330.75, 93001.203125 ], [ 387303.21875, 92715.34375 ], [ 387230.71875, 92465.5 ], [ 387173.96875, 92202.15625 ], [ 387054.15625, 91936.546875 ], [ 386942.396317, 91915.328682 ], [ 386721.476268, 91119.549773 ], [ 386598.570044, 90579.69585 ], [ 386500.556219, 90585.91895 ], [ 386474.108044, 90679.26545 ], [ 386397.875069, 91220.675148 ], [ 386310.75167, 91352.138135 ], [ 386292.08237, 91349.026585 ], [ 386201.84742, 91202.783735 ], [ 386058.716121, 91078.321736 ], [ 386043.158371, 91124.994986 ], [ 385994.151459, 91177.891335 ], [ 385933.476234, 91178.669223 ], [ 385923.363696, 91304.686997 ], [ 385772.453529, 91401.145047 ], [ 385746.005347, 91324.134185 ], [ 385703.999419, 91315.577422 ], [ 385737.448585, 91390.254622 ], [ 385682.218572, 91396.477722 ], [ 385671.328147, 91478.933797 ], [ 385607.541373, 91485.156897 ], [ 385573.314323, 91451.707734 ], [ 385582.648973, 91392.588284 ], [ 385567.091223, 91358.361235 ], [ 385570.202773, 91327.245735 ], [ 385766.230422, 91109.437236 ], [ 385465.965848, 90806.061112 ], [ 385193.705224, 90454.455963 ], [ 384992.5, 90178.601562 ], [ 384877.84375, 90311.398438 ], [ 384605.4375, 90385.664063 ], [ 384505.4375, 90513.804688 ], [ 384396.4375, 90653.5 ], [ 384121.78125, 90727.757812 ], [ 384311.46875, 91027.125 ], [ 384350.34375, 91357.992187 ], [ 384479.25, 91661.867187 ], [ 384551.625, 91839.679687 ], [ 384524.875, 92003.984375 ], [ 384615.28125, 92202.0625 ], [ 384690.34375, 92636.46875 ], [ 384538.15625, 93205.921875 ], [ 384590.625, 93590.804687 ], [ 384638.3125, 93827.132812 ], [ 384611.78125, 94115.242187 ], [ 384787.875, 94340.335937 ], [ 384808.625, 94626.179687 ], [ 384662.3125, 94680.195313 ], [ 384507.0625, 94772.476562 ], [ 384338.25, 94853.5 ], [ 384244.0, 95053.8125 ], [ 384138.46875, 95249.632812 ], [ 383983.34375, 95409.429687 ], [ 383834.875, 95521.96875 ], [ 383663.75, 95557.976563 ], [ 383481.21875, 95501.695312 ], [ 383458.75, 95539.960937 ], [ 383370.9375, 95562.460937 ], [ 383264.96875, 95488.179688 ], [ 383199.5625, 95436.40625 ], [ 382870.53125, 95328.367187 ], [ 382581.84375, 95098.765625 ], [ 382540.8125, 95084.835937 ], [ 382257.3125, 94988.46875 ], [ 382237.0625, 94999.71875 ], [ 382212.34375, 95035.742187 ], [ 382203.375, 95064.992187 ], [ 382282.3125, 95116.765625 ], [ 382372.5625, 95218.054687 ], [ 382480.78125, 95274.328125 ], [ 382467.375, 95344.101563 ], [ 382424.6875, 95400.375 ], [ 382372.96875, 95454.390625 ], [ 382278.625, 95602.9375 ], [ 382060.25, 95652.453125 ], [ 382037.96875, 95810.0 ], [ 381945.59375, 95787.492188 ], [ 381860.0625, 95809.992187 ], [ 381745.15625, 95798.734375 ], [ 381663.90625, 95706.453125 ], [ 381587.21875, 95632.171875 ], [ 381470.0, 95589.398437 ], [ 381265.53125, 95868.5 ], [ 381297.15625, 95929.273437 ], [ 381378.3125, 95963.03125 ], [ 381473.03125, 96044.070312 ], [ 381486.71875, 96134.101563 ], [ 381457.53125, 96197.117187 ], [ 381401.3125, 96255.640625 ], [ 381331.53125, 96269.132812 ], [ 381250.46875, 96291.648437 ], [ 381286.625, 96359.164062 ], [ 381309.21875, 96408.695313 ], [ 381476.0625, 96498.734375 ], [ 381633.96875, 96649.539063 ], [ 381812.09375, 96750.828125 ], [ 381956.4375, 96867.882812 ], [ 381927.40625, 97016.4375 ], [ 381954.6875, 97155.984375 ], [ 381916.5, 97219.007813 ], [ 382009.53125, 97630.90625 ], [ 382214.5625, 97655.671875 ], [ 382421.65625, 97581.398437 ], [ 382570.375, 97630.929687 ], [ 382889.1875, 97546.429687 ], [ 383070.875, 97498.265625 ], [ 383164.71875, 97473.390625 ], [ 383403.75, 97633.203125 ], [ 383579.8125, 97858.296875 ], [ 383841.3125, 97986.601563 ], [ 383924.4375, 97860.554687 ], [ 384036.9375, 97786.28125 ], [ 384149.375, 97689.5 ], [ 384369.59375, 97376.65625 ], [ 384468.65625, 97354.140625 ], [ 384518.125, 97311.375 ], [ 384630.75, 97318.140625 ], [ 384698.25, 97268.625 ], [ 384700.375, 97194.351562 ], [ 384711.5, 97111.070312 ], [ 384779.125, 97140.335938 ], [ 384826.5, 97198.851562 ], [ 384894.09375, 97214.609375 ], [ 384986.375, 97160.59375 ], [ 384952.3125, 97014.296875 ], [ 385067.1875, 97009.796875 ], [ 385295.03125, 97214.625 ], [ 385403.0, 97129.101562 ], [ 385488.65625, 97171.867188 ], [ 385572.0625, 97216.890625 ], [ 385666.71875, 97237.148437 ], [ 385716.21875, 97219.148438 ], [ 385720.625, 97151.617187 ], [ 385731.8125, 97122.359375 ], [ 385814.84375, 96931.039062 ], [ 385963.15625, 96730.734375 ], [ 386077.71875, 96550.664063 ], [ 386116.0625, 96582.179687 ], [ 386172.46875, 96645.210937 ], [ 386224.28125, 96647.453125 ], [ 386244.40625, 96555.179687 ], [ 386325.3125, 96451.640625 ], [ 386320.65625, 96361.601562 ], [ 386329.5625, 96307.59375 ], [ 386282.1875, 96269.320313 ], [ 386320.40625, 96226.5625 ], [ 386550.21875, 96258.078125 ], [ 386816.0625, 96305.359375 ], [ 387043.71875, 96393.148437 ], [ 387088.78125, 96404.40625 ], [ 387077.0625, 96145.554687 ] ] ] ] } },
{ "type": "Feature", "properties": { "unit_name": "Bere Regis", "prefix": "Manor of", "unit_id": "man_bere", "county": "dorset", "type": "seigneurial", "start": "1905", "end": "1920", "moiety": "1", "lord_name": "John Plunkett-Ernle-Erle-Drax", "lord_id": "plunkett-ernle-erle-drax_john", "overlord_name": "Duchy of Lancaster", "overlord_id": "duc_lanc" }, "geometry": { "type": "MultiPolygon", "coordinates": [ [ [ [ 387077.0625, 96145.554687 ], [ 387175.84375, 95940.742187 ], [ 387231.71875, 95697.65625 ], [ 387312.8125, 95690.914062 ], [ 387362.21875, 95618.882812 ], [ 387461.3125, 95603.125 ], [ 387524.28125, 95555.867187 ], [ 387535.34375, 95436.570312 ], [ 387598.25, 95339.796875 ], [ 387658.90625, 95238.507812 ], [ 387622.59375, 95078.695312 ], [ 387647.15625, 94968.414062 ], [ 387701.0, 94826.617188 ], [ 387700.78125, 94709.570312 ], [ 387626.25, 94592.523437 ], [ 387619.3125, 94475.484375 ], [ 387576.40625, 94421.460937 ], [ 387506.28125, 94248.148438 ], [ 387492.5, 94079.335938 ], [ 387440.40625, 93915.03125 ], [ 387408.875, 93921.773437 ], [ 387363.84375, 93915.03125 ], [ 387348.03125, 93897.015625 ], [ 387347.34375, 93498.625 ], [ 387340.0625, 93185.757812 ], [ 387330.75, 93001.203125 ], [ 387303.21875, 92715.34375 ], [ 387230.71875, 92465.5 ], [ 387173.96875, 92202.15625 ], [ 387054.15625, 91936.546875 ], [ 386942.396317, 91915.328682 ], [ 386721.476268, 91119.549773 ], [ 386598.570044, 90579.69585 ], [ 386500.556219, 90585.91895 ], [ 386474.108044, 90679.26545 ], [ 386397.875069, 91220.675148 ], [ 386310.75167, 91352.138135 ], [ 386292.08237, 91349.026585 ], [ 386201.84742, 91202.783735 ], [ 386058.716121, 91078.321736 ], [ 386043.158371, 91124.994986 ], [ 385994.151459, 91177.891335 ], [ 385933.476234, 91178.669223 ], [ 385923.363696, 91304.686997 ], [ 385772.453529, 91401.145047 ], [ 385746.005347, 91324.134185 ], [ 385703.999419, 91315.577422 ], [ 385737.448585, 91390.254622 ], [ 385682.218572, 91396.477722 ], [ 385671.328147, 91478.933797 ], [ 385607.541373, 91485.156897 ], [ 385573.314323, 91451.707734 ], [ 385582.648973, 91392.588284 ], [ 385567.091223, 91358.361235 ], [ 385570.202773, 91327.245735 ], [ 385766.230422, 91109.437236 ], [ 385465.965848, 90806.061112 ], [ 385193.705224, 90454.455963 ], [ 384992.5, 90178.601562 ], [ 384877.84375, 90311.398438 ], [ 384605.4375, 90385.664063 ], [ 384505.4375, 90513.804688 ], [ 384396.4375, 90653.5 ], [ 384121.78125, 90727.757812 ], [ 384311.46875, 91027.125 ], [ 384350.34375, 91357.992187 ], [ 384479.25, 91661.867187 ], [ 384551.625, 91839.679687 ], [ 384524.875, 92003.984375 ], [ 384615.28125, 92202.0625 ], [ 384690.34375, 92636.46875 ], [ 384538.15625, 93205.921875 ], [ 384590.625, 93590.804687 ], [ 384638.3125, 93827.132812 ], [ 384611.78125, 94115.242187 ], [ 384787.875, 94340.335937 ], [ 384808.625, 94626.179687 ], [ 384662.3125, 94680.195313 ], [ 384507.0625, 94772.476562 ], [ 384338.25, 94853.5 ], [ 384244.0, 95053.8125 ], [ 384138.46875, 95249.632812 ], [ 383983.34375, 95409.429687 ], [ 383834.875, 95521.96875 ], [ 383663.75, 95557.976563 ], [ 383481.21875, 95501.695312 ], [ 383458.75, 95539.960937 ], [ 383370.9375, 95562.460937 ], [ 383264.96875, 95488.179688 ], [ 383199.5625, 95436.40625 ], [ 382870.53125, 95328.367187 ], [ 382581.84375, 95098.765625 ], [ 382540.8125, 95084.835937 ], [ 382257.3125, 94988.46875 ], [ 382237.0625, 94999.71875 ], [ 382212.34375, 95035.742187 ], [ 382203.375, 95064.992187 ], [ 382282.3125, 95116.765625 ], [ 382372.5625, 95218.054687 ], [ 382480.78125, 95274.328125 ], [ 382467.375, 95344.101563 ], [ 382424.6875, 95400.375 ], [ 382372.96875, 95454.390625 ], [ 382278.625, 95602.9375 ], [ 382060.25, 95652.453125 ], [ 382037.96875, 95810.0 ], [ 381945.59375, 95787.492188 ], [ 381860.0625, 95809.992187 ], [ 381745.15625, 95798.734375 ], [ 381663.90625, 95706.453125 ], [ 381587.21875, 95632.171875 ], [ 381470.0, 95589.398437 ], [ 381265.53125, 95868.5 ], [ 381297.15625, 95929.273437 ], [ 381378.3125, 95963.03125 ], [ 381473.03125, 96044.070312 ], [ 381486.71875, 96134.101563 ], [ 381457.53125, 96197.117187 ], [ 381401.3125, 96255.640625 ], [ 381331.53125, 96269.132812 ], [ 381250.46875, 96291.648437 ], [ 381286.625, 96359.164062 ], [ 381309.21875, 96408.695313 ], [ 381476.0625, 96498.734375 ], [ 381633.96875, 96649.539063 ], [ 381812.09375, 96750.828125 ], [ 381956.4375, 96867.882812 ], [ 381927.40625, 97016.4375 ], [ 381954.6875, 97155.984375 ], [ 381916.5, 97219.007813 ], [ 382009.53125, 97630.90625 ], [ 382214.5625, 97655.671875 ], [ 382421.65625, 97581.398437 ], [ 382570.375, 97630.929687 ], [ 382889.1875, 97546.429687 ], [ 383070.875, 97498.265625 ], [ 383164.71875, 97473.390625 ], [ 383403.75, 97633.203125 ], [ 383579.8125, 97858.296875 ], [ 383841.3125, 97986.601563 ], [ 383924.4375, 97860.554687 ], [ 384036.9375, 97786.28125 ], [ 384149.375, 97689.5 ], [ 384369.59375, 97376.65625 ], [ 384468.65625, 97354.140625 ], [ 384518.125, 97311.375 ], [ 384630.75, 97318.140625 ], [ 384698.25, 97268.625 ], [ 384700.375, 97194.351562 ], [ 384711.5, 97111.070312 ], [ 384779.125, 97140.335938 ], [ 384826.5, 97198.851562 ], [ 384894.09375, 97214.609375 ], [ 384986.375, 97160.59375 ], [ 384952.3125, 97014.296875 ], [ 385067.1875, 97009.796875 ], [ 385295.03125, 97214.625 ], [ 385403.0, 97129.101562 ], [ 385488.65625, 97171.867188 ], [ 385572.0625, 97216.890625 ], [ 385666.71875, 97237.148437 ], [ 385716.21875, 97219.148438 ], [ 385720.625, 97151.617187 ], [ 385731.8125, 97122.359375 ], [ 385814.84375, 96931.039062 ], [ 385963.15625, 96730.734375 ], [ 386077.71875, 96550.664063 ], [ 386116.0625, 96582.179687 ], [ 386172.46875, 96645.210937 ], [ 386224.28125, 96647.453125 ], [ 386244.40625, 96555.179687 ], [ 386325.3125, 96451.640625 ], [ 386320.65625, 96361.601562 ], [ 386329.5625, 96307.59375 ], [ 386282.1875, 96269.320313 ], [ 386320.40625, 96226.5625 ], [ 386550.21875, 96258.078125 ], [ 386816.0625, 96305.359375 ], [ 387043.71875, 96393.148437 ], [ 387088.78125, 96404.40625 ], [ 387077.0625, 96145.554687 ] ] ] ] } },
{ "type": "Feature", "properties": { "unit_name": "Bere Regis", "prefix": "Manor of", "unit_id": "man_bere", "county": "dorset", "type": "seigneurial", "start": "1559", "end": "1586", "moiety": "1", "lord_name": "Thomas Turberville", "lord_id": "turberville_thomas1587", "overlord_name": "Duchy of Lancaster", "overlord_id": "duc_lanc" }, "geometry": { "type": "MultiPolygon", "coordinates": [ [ [ [ 387077.0625, 96145.554687 ], [ 387175.84375, 95940.742187 ], [ 387231.71875, 95697.65625 ], [ 387312.8125, 95690.914062 ], [ 387362.21875, 95618.882812 ], [ 387461.3125, 95603.125 ], [ 387524.28125, 95555.867187 ], [ 387535.34375, 95436.570312 ], [ 387598.25, 95339.796875 ], [ 387658.90625, 95238.507812 ], [ 387622.59375, 95078.695312 ], [ 387647.15625, 94968.414062 ], [ 387701.0, 94826.617188 ], [ 387700.78125, 94709.570312 ], [ 387626.25, 94592.523437 ], [ 387619.3125, 94475.484375 ], [ 387576.40625, 94421.460937 ], [ 387506.28125, 94248.148438 ], [ 387492.5, 94079.335938 ], [ 387440.40625, 93915.03125 ], [ 387408.875, 93921.773437 ], [ 387363.84375, 93915.03125 ], [ 387348.03125, 93897.015625 ], [ 387347.34375, 93498.625 ], [ 387340.0625, 93185.757812 ], [ 387330.75, 93001.203125 ], [ 387303.21875, 92715.34375 ], [ 387230.71875, 92465.5 ], [ 387173.96875, 92202.15625 ], [ 387054.15625, 91936.546875 ], [ 386942.396317, 91915.328682 ], [ 386721.476268, 91119.549773 ], [ 386598.570044, 90579.69585 ], [ 386500.556219, 90585.91895 ], [ 386474.108044, 90679.26545 ], [ 386397.875069, 91220.675148 ], [ 386310.75167, 91352.138135 ], [ 386292.08237, 91349.026585 ], [ 386201.84742, 91202.783735 ], [ 386058.716121, 91078.321736 ], [ 386043.158371, 91124.994986 ], [ 385994.151459, 91177.891335 ], [ 385933.476234, 91178.669223 ], [ 385923.363696, 91304.686997 ], [ 385772.453529, 91401.145047 ], [ 385746.005347, 91324.134185 ], [ 385703.999419, 91315.577422 ], [ 385737.448585, 91390.254622 ], [ 385682.218572, 91396.477722 ], [ 385671.328147, 91478.933797 ], [ 385607.541373, 91485.156897 ], [ 385573.314323, 91451.707734 ], [ 385582.648973, 91392.588284 ], [ 385567.091223, 91358.361235 ], [ 385570.202773, 91327.245735 ], [ 385766.230422, 91109.437236 ], [ 385465.965848, 90806.061112 ], [ 385193.705224, 90454.455963 ], [ 384992.5, 90178.601562 ], [ 384877.84375, 90311.398438 ], [ 384605.4375, 90385.664063 ], [ 384505.4375, 90513.804688 ], [ 384396.4375, 90653.5 ], [ 384121.78125, 90727.757812 ], [ 384311.46875, 91027.125 ], [ 384350.34375, 91357.992187 ], [ 384479.25, 91661.867187 ], [ 384551.625, 91839.679687 ], [ 384524.875, 92003.984375 ], [ 384615.28125, 92202.0625 ], [ 384690.34375, 92636.46875 ], [ 384538.15625, 93205.921875 ], [ 384590.625, 93590.804687 ], [ 384638.3125, 93827.132812 ], [ 384611.78125, 94115.242187 ], [ 384787.875, 94340.335937 ], [ 384808.625, 94626.179687 ], [ 384662.3125, 94680.195313 ], [ 384507.0625, 94772.476562 ], [ 384338.25, 94853.5 ], [ 384244.0, 95053.8125 ], [ 384138.46875, 95249.632812 ], [ 383983.34375, 95409.429687 ], [ 383834.875, 95521.96875 ], [ 383663.75, 95557.976563 ], [ 383481.21875, 95501.695312 ], [ 383458.75, 95539.960937 ], [ 383370.9375, 95562.460937 ], [ 383264.96875, 95488.179688 ], [ 383199.5625, 95436.40625 ], [ 382870.53125, 95328.367187 ], [ 382581.84375, 95098.765625 ], [ 382540.8125, 95084.835937 ], [ 382257.3125, 94988.46875 ], [ 382237.0625, 94999.71875 ], [ 382212.34375, 95035.742187 ], [ 382203.375, 95064.992187 ], [ 382282.3125, 95116.765625 ], [ 382372.5625, 95218.054687 ], [ 382480.78125, 95274.328125 ], [ 382467.375, 95344.101563 ], [ 382424.6875, 95400.375 ], [ 382372.96875, 95454.390625 ], [ 382278.625, 95602.9375 ], [ 382060.25, 95652.453125 ], [ 382037.96875, 95810.0 ], [ 381945.59375, 95787.492188 ], [ 381860.0625, 95809.992187 ], [ 381745.15625, 95798.734375 ], [ 381663.90625, 95706.453125 ], [ 381587.21875, 95632.171875 ], [ 381470.0, 95589.398437 ], [ 381265.53125, 95868.5 ], [ 381297.15625, 95929.273437 ], [ 381378.3125, 95963.03125 ], [ 381473.03125, 96044.070312 ], [ 381486.71875, 96134.101563 ], [ 381457.53125, 96197.117187 ], [ 381401.3125, 96255.640625 ], [ 381331.53125, 96269.132812 ], [ 381250.46875, 96291.648437 ], [ 381286.625, 96359.164062 ], [ 381309.21875, 96408.695313 ], [ 381476.0625, 96498.734375 ], [ 381633.96875, 96649.539063 ], [ 381812.09375, 96750.828125 ], [ 381956.4375, 96867.882812 ], [ 381927.40625, 97016.4375 ], [ 381954.6875, 97155.984375 ], [ 381916.5, 97219.007813 ], [ 382009.53125, 97630.90625 ], [ 382214.5625, 97655.671875 ], [ 382421.65625, 97581.398437 ], [ 382570.375, 97630.929687 ], [ 382889.1875, 97546.429687 ], [ 383070.875, 97498.265625 ], [ 383164.71875, 97473.390625 ], [ 383403.75, 97633.203125 ], [ 383579.8125, 97858.296875 ], [ 383841.3125, 97986.601563 ], [ 383924.4375, 97860.554687 ], [ 384036.9375, 97786.28125 ], [ 384149.375, 97689.5 ], [ 384369.59375, 97376.65625 ], [ 384468.65625, 97354.140625 ], [ 384518.125, 97311.375 ], [ 384630.75, 97318.140625 ], [ 384698.25, 97268.625 ], [ 384700.375, 97194.351562 ], [ 384711.5, 97111.070312 ], [ 384779.125, 97140.335938 ], [ 384826.5, 97198.851562 ], [ 384894.09375, 97214.609375 ], [ 384986.375, 97160.59375 ], [ 384952.3125, 97014.296875 ], [ 385067.1875, 97009.796875 ], [ 385295.03125, 97214.625 ], [ 385403.0, 97129.101562 ], [ 385488.65625, 97171.867188 ], [ 385572.0625, 97216.890625 ], [ 385666.71875, 97237.148437 ], [ 385716.21875, 97219.148438 ], [ 385720.625, 97151.617187 ], [ 385731.8125, 97122.359375 ], [ 385814.84375, 96931.039062 ], [ 385963.15625, 96730.734375 ], [ 386077.71875, 96550.664063 ], [ 386116.0625, 96582.179687 ], [ 386172.46875, 96645.210937 ], [ 386224.28125, 96647.453125 ], [ 386244.40625, 96555.179687 ], [ 386325.3125, 96451.640625 ], [ 386320.65625, 96361.601562 ], [ 386329.5625, 96307.59375 ], [ 386282.1875, 96269.320313 ], [ 386320.40625, 96226.5625 ], [ 386550.21875, 96258.078125 ], [ 386816.0625, 96305.359375 ], [ 387043.71875, 96393.148437 ], [ 387088.78125, 96404.40625 ], [ 387077.0625, 96145.554687 ] ] ] ] } }
]
}
